source,target,category,reason,evidence
https://nagi.tw/,https://nagi.tw/,A,generated route or preserved public asset,dist / public inventory
https://nagi.tw/about/,https://nagi.tw/about/,A,generated route or preserved public asset,dist / public inventory
https://nagi.tw/archive/,https://nagi.tw/archive/,A,generated route or preserved public asset,dist / public inventory
https://nagi.tw/articles/,https://nagi.tw/articles/,A,generated route or preserved public asset,dist / public inventory
https://nagi.tw/articles/2026-security-conference.en,https://nagi.tw/en/articles/2026-security-conference/,B,deterministic filename-style compatibility alias; historic exposure unconfirmed,exact public slug and available translation only
https://nagi.tw/articles/2026-security-conference.en.html,https://nagi.tw/en/articles/2026-security-conference/,B,deterministic filename-style compatibility alias; historic exposure unconfirmed,exact public slug and available translation only
https://nagi.tw/articles/2026-security-conference.en/,https://nagi.tw/en/articles/2026-security-conference/,B,deterministic filename-style compatibility alias; historic exposure unconfirmed,exact public slug and available translation only
https://nagi.tw/articles/2026-security-conference.ja,https://nagi.tw/ja/articles/2026-security-conference/,B,deterministic filename-style compatibility alias; historic exposure unconfirmed,exact public slug and available translation only
https://nagi.tw/articles/2026-security-conference.ja.html,https://nagi.tw/ja/articles/2026-security-conference/,B,deterministic filename-style compatibility alias; historic exposure unconfirmed,exact public slug and available translation only
https://nagi.tw/articles/2026-security-conference.ja/,https://nagi.tw/ja/articles/2026-security-conference/,B,deterministic filename-style compatibility alias; historic exposure unconfirmed,exact public slug and available translation only
https://nagi.tw/articles/2026-security-conference/,https://nagi.tw/articles/2026-security-conference/,A,generated route or preserved public asset,dist / public inventory
https://nagi.tw/articles/2026-security-conference/en,https://nagi.tw/en/articles/2026-security-conference/,B,known published language suffix,committed article URL helper / current public variants
https://nagi.tw/articles/2026-security-conference/en/,https://nagi.tw/en/articles/2026-security-conference/,B,known published language suffix,committed article URL helper / current public variants
https://nagi.tw/articles/2026-security-conference/ja,https://nagi.tw/ja/articles/2026-security-conference/,B,known published language suffix,committed article URL helper / current public variants
https://nagi.tw/articles/2026-security-conference/ja/,https://nagi.tw/ja/articles/2026-security-conference/,B,known published language suffix,committed article URL helper / current public variants
https://nagi.tw/articles/ctf-meets-malware-analysis-windows.en,https://nagi.tw/en/articles/ctf-meets-malware-analysis-windows/,B,deterministic filename-style compatibility alias; historic exposure unconfirmed,exact public slug and available translation only
https://nagi.tw/articles/ctf-meets-malware-analysis-windows.en.html,https://nagi.tw/en/articles/ctf-meets-malware-analysis-windows/,B,deterministic filename-style compatibility alias; historic exposure unconfirmed,exact public slug and available translation only
https://nagi.tw/articles/ctf-meets-malware-analysis-windows.en/,https://nagi.tw/en/articles/ctf-meets-malware-analysis-windows/,B,deterministic filename-style compatibility alias; historic exposure unconfirmed,exact public slug and available translation only
https://nagi.tw/articles/ctf-meets-malware-analysis-windows.ja,https://nagi.tw/ja/articles/ctf-meets-malware-analysis-windows/,B,deterministic filename-style compatibility alias; historic exposure unconfirmed,exact public slug and available translation only
https://nagi.tw/articles/ctf-meets-malware-analysis-windows.ja.html,https://nagi.tw/ja/articles/ctf-meets-malware-analysis-windows/,B,deterministic filename-style compatibility alias; historic exposure unconfirmed,exact public slug and available translation only
https://nagi.tw/articles/ctf-meets-malware-analysis-windows.ja/,https://nagi.tw/ja/articles/ctf-meets-malware-analysis-windows/,B,deterministic filename-style compatibility alias; historic exposure unconfirmed,exact public slug and available translation only
https://nagi.tw/articles/ctf-meets-malware-analysis-windows/,https://nagi.tw/articles/ctf-meets-malware-analysis-windows/,A,generated route or preserved public asset,dist / public inventory
https://nagi.tw/articles/ctf-meets-malware-analysis-windows/en,https://nagi.tw/en/articles/ctf-meets-malware-analysis-windows/,B,known published language suffix,committed article URL helper / current public variants
https://nagi.tw/articles/ctf-meets-malware-analysis-windows/en/,https://nagi.tw/en/articles/ctf-meets-malware-analysis-windows/,B,known published language suffix,committed article URL helper / current public variants
https://nagi.tw/articles/ctf-meets-malware-analysis-windows/ja,https://nagi.tw/ja/articles/ctf-meets-malware-analysis-windows/,B,known published language suffix,committed article URL helper / current public variants
https://nagi.tw/articles/ctf-meets-malware-analysis-windows/ja/,https://nagi.tw/ja/articles/ctf-meets-malware-analysis-windows/,B,known published language suffix,committed article URL helper / current public variants
https://nagi.tw/articles/first-hackathon-in-university/,https://nagi.tw/articles/first-hackathon-in-university/,A,generated route or preserved public asset,dist / public inventory
https://nagi.tw/articles/frc-engineering-team/,https://nagi.tw/articles/frc-engineering-team/,A,generated route or preserved public asset,dist / public inventory
https://nagi.tw/articles/infosec-taiwan-2026-student-industry-gap.en,https://nagi.tw/en/articles/infosec-taiwan-2026-student-industry-gap/,B,deterministic filename-style compatibility alias; historic exposure unconfirmed,exact public slug and available translation only
https://nagi.tw/articles/infosec-taiwan-2026-student-industry-gap.en.html,https://nagi.tw/en/articles/infosec-taiwan-2026-student-industry-gap/,B,deterministic filename-style compatibility alias; historic exposure unconfirmed,exact public slug and available translation only
https://nagi.tw/articles/infosec-taiwan-2026-student-industry-gap.en/,https://nagi.tw/en/articles/infosec-taiwan-2026-student-industry-gap/,B,deterministic filename-style compatibility alias; historic exposure unconfirmed,exact public slug and available translation only
https://nagi.tw/articles/infosec-taiwan-2026-student-industry-gap.ja,https://nagi.tw/ja/articles/infosec-taiwan-2026-student-industry-gap/,B,deterministic filename-style compatibility alias; historic exposure unconfirmed,exact public slug and available translation only
https://nagi.tw/articles/infosec-taiwan-2026-student-industry-gap.ja.html,https://nagi.tw/ja/articles/infosec-taiwan-2026-student-industry-gap/,B,deterministic filename-style compatibility alias; historic exposure unconfirmed,exact public slug and available translation only
https://nagi.tw/articles/infosec-taiwan-2026-student-industry-gap.ja/,https://nagi.tw/ja/articles/infosec-taiwan-2026-student-industry-gap/,B,deterministic filename-style compatibility alias; historic exposure unconfirmed,exact public slug and available translation only
https://nagi.tw/articles/infosec-taiwan-2026-student-industry-gap/,https://nagi.tw/articles/infosec-taiwan-2026-student-industry-gap/,A,generated route or preserved public asset,dist / public inventory
https://nagi.tw/articles/infosec-taiwan-2026-student-industry-gap/en,https://nagi.tw/en/articles/infosec-taiwan-2026-student-industry-gap/,B,known published language suffix,committed article URL helper / current public variants
https://nagi.tw/articles/infosec-taiwan-2026-student-industry-gap/en/,https://nagi.tw/en/articles/infosec-taiwan-2026-student-industry-gap/,B,known published language suffix,committed article URL helper / current public variants
https://nagi.tw/articles/infosec-taiwan-2026-student-industry-gap/ja,https://nagi.tw/ja/articles/infosec-taiwan-2026-student-industry-gap/,B,known published language suffix,committed article URL helper / current public variants
https://nagi.tw/articles/infosec-taiwan-2026-student-industry-gap/ja/,https://nagi.tw/ja/articles/infosec-taiwan-2026-student-industry-gap/,B,known published language suffix,committed article URL helper / current public variants
https://nagi.tw/articles/not-everyone-has-to-walk-the-same-road.ja,https://nagi.tw/ja/articles/not-everyone-has-to-walk-the-same-road/,B,deterministic filename-style compatibility alias; historic exposure unconfirmed,exact public slug and available translation only
https://nagi.tw/articles/not-everyone-has-to-walk-the-same-road.ja.html,https://nagi.tw/ja/articles/not-everyone-has-to-walk-the-same-road/,B,deterministic filename-style compatibility alias; historic exposure unconfirmed,exact public slug and available translation only
https://nagi.tw/articles/not-everyone-has-to-walk-the-same-road.ja/,https://nagi.tw/ja/articles/not-everyone-has-to-walk-the-same-road/,B,deterministic filename-style compatibility alias; historic exposure unconfirmed,exact public slug and available translation only
https://nagi.tw/articles/not-everyone-has-to-walk-the-same-road/,https://nagi.tw/articles/not-everyone-has-to-walk-the-same-road/,A,generated route or preserved public asset,dist / public inventory
https://nagi.tw/articles/not-everyone-has-to-walk-the-same-road/ja,https://nagi.tw/ja/articles/not-everyone-has-to-walk-the-same-road/,B,known published language suffix,committed article URL helper / current public variants
https://nagi.tw/articles/not-everyone-has-to-walk-the-same-road/ja/,https://nagi.tw/ja/articles/not-everyone-has-to-walk-the-same-road/,B,known published language suffix,committed article URL helper / current public variants
https://nagi.tw/articles/nurse-made-me-rethink-medical-cybersecurity.en,https://nagi.tw/en/articles/nurse-made-me-rethink-medical-cybersecurity/,B,deterministic filename-style compatibility alias; historic exposure unconfirmed,exact public slug and available translation only
https://nagi.tw/articles/nurse-made-me-rethink-medical-cybersecurity.en.html,https://nagi.tw/en/articles/nurse-made-me-rethink-medical-cybersecurity/,B,deterministic filename-style compatibility alias; historic exposure unconfirmed,exact public slug and available translation only
https://nagi.tw/articles/nurse-made-me-rethink-medical-cybersecurity.en/,https://nagi.tw/en/articles/nurse-made-me-rethink-medical-cybersecurity/,B,deterministic filename-style compatibility alias; historic exposure unconfirmed,exact public slug and available translation only
https://nagi.tw/articles/nurse-made-me-rethink-medical-cybersecurity.ja,https://nagi.tw/ja/articles/nurse-made-me-rethink-medical-cybersecurity/,B,deterministic filename-style compatibility alias; historic exposure unconfirmed,exact public slug and available translation only
https://nagi.tw/articles/nurse-made-me-rethink-medical-cybersecurity.ja.html,https://nagi.tw/ja/articles/nurse-made-me-rethink-medical-cybersecurity/,B,deterministic filename-style compatibility alias; historic exposure unconfirmed,exact public slug and available translation only
https://nagi.tw/articles/nurse-made-me-rethink-medical-cybersecurity.ja/,https://nagi.tw/ja/articles/nurse-made-me-rethink-medical-cybersecurity/,B,deterministic filename-style compatibility alias; historic exposure unconfirmed,exact public slug and available translation only
https://nagi.tw/articles/nurse-made-me-rethink-medical-cybersecurity/,https://nagi.tw/articles/nurse-made-me-rethink-medical-cybersecurity/,A,generated route or preserved public asset,dist / public inventory
https://nagi.tw/articles/nurse-made-me-rethink-medical-cybersecurity/en,https://nagi.tw/en/articles/nurse-made-me-rethink-medical-cybersecurity/,B,known published language suffix,committed article URL helper / current public variants
https://nagi.tw/articles/nurse-made-me-rethink-medical-cybersecurity/en/,https://nagi.tw/en/articles/nurse-made-me-rethink-medical-cybersecurity/,B,known published language suffix,committed article URL helper / current public variants
https://nagi.tw/articles/nurse-made-me-rethink-medical-cybersecurity/ja,https://nagi.tw/ja/articles/nurse-made-me-rethink-medical-cybersecurity/,B,known published language suffix,committed article URL helper / current public variants
https://nagi.tw/articles/nurse-made-me-rethink-medical-cybersecurity/ja/,https://nagi.tw/ja/articles/nurse-made-me-rethink-medical-cybersecurity/,B,known published language suffix,committed article URL helper / current public variants
https://nagi.tw/articles/prologue-the-people-i-met-along-the-way.ja,https://nagi.tw/ja/articles/prologue-the-people-i-met-along-the-way/,B,deterministic filename-style compatibility alias; historic exposure unconfirmed,exact public slug and available translation only
https://nagi.tw/articles/prologue-the-people-i-met-along-the-way.ja.html,https://nagi.tw/ja/articles/prologue-the-people-i-met-along-the-way/,B,deterministic filename-style compatibility alias; historic exposure unconfirmed,exact public slug and available translation only
https://nagi.tw/articles/prologue-the-people-i-met-along-the-way.ja/,https://nagi.tw/ja/articles/prologue-the-people-i-met-along-the-way/,B,deterministic filename-style compatibility alias; historic exposure unconfirmed,exact public slug and available translation only
https://nagi.tw/articles/prologue-the-people-i-met-along-the-way/,https://nagi.tw/articles/prologue-the-people-i-met-along-the-way/,A,generated route or preserved public asset,dist / public inventory
https://nagi.tw/articles/prologue-the-people-i-met-along-the-way/ja,https://nagi.tw/ja/articles/prologue-the-people-i-met-along-the-way/,B,known published language suffix,committed article URL helper / current public variants
https://nagi.tw/articles/prologue-the-people-i-met-along-the-way/ja/,https://nagi.tw/ja/articles/prologue-the-people-i-met-along-the-way/,B,known published language suffix,committed article URL helper / current public variants
https://nagi.tw/articles/recent-projects-and-life-update/,https://nagi.tw/articles/recent-projects-and-life-update/,A,generated route or preserved public asset,dist / public inventory
https://nagi.tw/articles/retail-work-sme-security-culture.en,https://nagi.tw/en/articles/retail-work-sme-security-culture/,B,deterministic filename-style compatibility alias; historic exposure unconfirmed,exact public slug and available translation only
https://nagi.tw/articles/retail-work-sme-security-culture.en.html,https://nagi.tw/en/articles/retail-work-sme-security-culture/,B,deterministic filename-style compatibility alias; historic exposure unconfirmed,exact public slug and available translation only
https://nagi.tw/articles/retail-work-sme-security-culture.en/,https://nagi.tw/en/articles/retail-work-sme-security-culture/,B,deterministic filename-style compatibility alias; historic exposure unconfirmed,exact public slug and available translation only
https://nagi.tw/articles/retail-work-sme-security-culture.ja,https://nagi.tw/ja/articles/retail-work-sme-security-culture/,B,deterministic filename-style compatibility alias; historic exposure unconfirmed,exact public slug and available translation only
https://nagi.tw/articles/retail-work-sme-security-culture.ja.html,https://nagi.tw/ja/articles/retail-work-sme-security-culture/,B,deterministic filename-style compatibility alias; historic exposure unconfirmed,exact public slug and available translation only
https://nagi.tw/articles/retail-work-sme-security-culture.ja/,https://nagi.tw/ja/articles/retail-work-sme-security-culture/,B,deterministic filename-style compatibility alias; historic exposure unconfirmed,exact public slug and available translation only
https://nagi.tw/articles/retail-work-sme-security-culture/,https://nagi.tw/articles/retail-work-sme-security-culture/,A,generated route or preserved public asset,dist / public inventory
https://nagi.tw/articles/retail-work-sme-security-culture/en,https://nagi.tw/en/articles/retail-work-sme-security-culture/,B,known published language suffix,committed article URL helper / current public variants
https://nagi.tw/articles/retail-work-sme-security-culture/en/,https://nagi.tw/en/articles/retail-work-sme-security-culture/,B,known published language suffix,committed article URL helper / current public variants
https://nagi.tw/articles/retail-work-sme-security-culture/ja,https://nagi.tw/ja/articles/retail-work-sme-security-culture/,B,known published language suffix,committed article URL helper / current public variants
https://nagi.tw/articles/retail-work-sme-security-culture/ja/,https://nagi.tw/ja/articles/retail-work-sme-security-culture/,B,known published language suffix,committed article URL helper / current public variants
https://nagi.tw/articles/ten-years-from-now-dont-forget-who-you-are-now.ja,https://nagi.tw/ja/articles/ten-years-from-now-dont-forget-who-you-are-now/,B,deterministic filename-style compatibility alias; historic exposure unconfirmed,exact public slug and available translation only
https://nagi.tw/articles/ten-years-from-now-dont-forget-who-you-are-now.ja.html,https://nagi.tw/ja/articles/ten-years-from-now-dont-forget-who-you-are-now/,B,deterministic filename-style compatibility alias; historic exposure unconfirmed,exact public slug and available translation only
https://nagi.tw/articles/ten-years-from-now-dont-forget-who-you-are-now.ja/,https://nagi.tw/ja/articles/ten-years-from-now-dont-forget-who-you-are-now/,B,deterministic filename-style compatibility alias; historic exposure unconfirmed,exact public slug and available translation only
https://nagi.tw/articles/ten-years-from-now-dont-forget-who-you-are-now/,https://nagi.tw/articles/ten-years-from-now-dont-forget-who-you-are-now/,A,generated route or preserved public asset,dist / public inventory
https://nagi.tw/articles/ten-years-from-now-dont-forget-who-you-are-now/ja,https://nagi.tw/ja/articles/ten-years-from-now-dont-forget-who-you-are-now/,B,known published language suffix,committed article URL helper / current public variants
https://nagi.tw/articles/ten-years-from-now-dont-forget-who-you-are-now/ja/,https://nagi.tw/ja/articles/ten-years-from-now-dont-forget-who-you-are-now/,B,known published language suffix,committed article URL helper / current public variants
https://nagi.tw/assets/images/casper.png,https://nagi.tw/assets/images/casper.png,A,generated route or preserved public asset,dist / public inventory
https://nagi.tw/assets/images/cybersec-2026.jpg,https://nagi.tw/assets/images/cybersec-2026.jpg,A,generated route or preserved public asset,dist / public inventory
https://nagi.tw/assets/images/seraph.png,https://nagi.tw/assets/images/seraph.png,A,generated route or preserved public asset,dist / public inventory
https://nagi.tw/contact/,https://nagi.tw/contact/,A,generated route or preserved public asset,dist / public inventory
https://nagi.tw/en/,https://nagi.tw/en/,A,generated route or preserved public asset,dist / public inventory
https://nagi.tw/en/about/,https://nagi.tw/en/about/,A,generated route or preserved public asset,dist / public inventory
https://nagi.tw/en/archive/,https://nagi.tw/en/archive/,A,generated route or preserved public asset,dist / public inventory
https://nagi.tw/en/articles/,https://nagi.tw/en/articles/,A,generated route or preserved public asset,dist / public inventory
https://nagi.tw/en/articles/2026-security-conference/,https://nagi.tw/en/articles/2026-security-conference/,A,generated route or preserved public asset,dist / public inventory
https://nagi.tw/en/articles/ctf-meets-malware-analysis-windows/,https://nagi.tw/en/articles/ctf-meets-malware-analysis-windows/,A,generated route or preserved public asset,dist / public inventory
https://nagi.tw/en/articles/first-hackathon-in-university/,https://nagi.tw/en/articles/first-hackathon-in-university/,A,generated route or preserved public asset,dist / public inventory
https://nagi.tw/en/articles/frc-engineering-team/,https://nagi.tw/en/articles/frc-engineering-team/,A,generated route or preserved public asset,dist / public inventory
https://nagi.tw/en/articles/infosec-taiwan-2026-student-industry-gap/,https://nagi.tw/en/articles/infosec-taiwan-2026-student-industry-gap/,A,generated route or preserved public asset,dist / public inventory
https://nagi.tw/en/articles/not-everyone-has-to-walk-the-same-road/,https://nagi.tw/en/articles/not-everyone-has-to-walk-the-same-road/,A,generated route or preserved public asset,dist / public inventory
https://nagi.tw/en/articles/nurse-made-me-rethink-medical-cybersecurity/,https://nagi.tw/en/articles/nurse-made-me-rethink-medical-cybersecurity/,A,generated route or preserved public asset,dist / public inventory
https://nagi.tw/en/articles/prologue-the-people-i-met-along-the-way/,https://nagi.tw/en/articles/prologue-the-people-i-met-along-the-way/,A,generated route or preserved public asset,dist / public inventory
https://nagi.tw/en/articles/recent-projects-and-life-update/,https://nagi.tw/en/articles/recent-projects-and-life-update/,A,generated route or preserved public asset,dist / public inventory
https://nagi.tw/en/articles/retail-work-sme-security-culture/,https://nagi.tw/en/articles/retail-work-sme-security-culture/,A,generated route or preserved public asset,dist / public inventory
https://nagi.tw/en/articles/ten-years-from-now-dont-forget-who-you-are-now/,https://nagi.tw/en/articles/ten-years-from-now-dont-forget-who-you-are-now/,A,generated route or preserved public asset,dist / public inventory
https://nagi.tw/en/contact/,https://nagi.tw/en/contact/,A,generated route or preserved public asset,dist / public inventory
https://nagi.tw/en/experience/,https://nagi.tw/en/experience/,A,generated route or preserved public asset,dist / public inventory
https://nagi.tw/en/projects/,https://nagi.tw/en/projects/,A,generated route or preserved public asset,dist / public inventory
https://nagi.tw/en/research/,https://nagi.tw/en/research/,A,generated route or preserved public asset,dist / public inventory
https://nagi.tw/en/topics/,https://nagi.tw/en/topics/,A,generated route or preserved public asset,dist / public inventory
https://nagi.tw/en/topics/%E8%BF%91%E6%B3%81/,https://nagi.tw/en/topics/%E8%BF%91%E6%B3%81/,A,generated route or preserved public asset,dist / public inventory
https://nagi.tw/en/topics/2026-cybersecurity-conference/,https://nagi.tw/en/topics/2026-cybersecurity-conference/,A,generated route or preserved public asset,dist / public inventory
https://nagi.tw/en/topics/activities/,https://nagi.tw/en/topics/activities/,A,generated route or preserved public asset,dist / public inventory
https://nagi.tw/en/topics/ai-security/,https://nagi.tw/en/topics/ai-security/,A,generated route or preserved public asset,dist / public inventory
https://nagi.tw/en/topics/ai-soc/,https://nagi.tw/en/topics/ai-soc/,A,generated route or preserved public asset,dist / public inventory
https://nagi.tw/en/topics/ai/,https://nagi.tw/en/topics/ai/,A,generated route or preserved public asset,dist / public inventory
https://nagi.tw/en/topics/blue-team/,https://nagi.tw/en/topics/blue-team/,A,generated route or preserved public asset,dist / public inventory
https://nagi.tw/en/topics/career/,https://nagi.tw/en/topics/career/,A,generated route or preserved public asset,dist / public inventory
https://nagi.tw/en/topics/choices/,https://nagi.tw/en/topics/choices/,A,generated route or preserved public asset,dist / public inventory
https://nagi.tw/en/topics/competition/,https://nagi.tw/en/topics/competition/,A,generated route or preserved public asset,dist / public inventory
https://nagi.tw/en/topics/compliance/,https://nagi.tw/en/topics/compliance/,A,generated route or preserved public asset,dist / public inventory
https://nagi.tw/en/topics/ctf/,https://nagi.tw/en/topics/ctf/,A,generated route or preserved public asset,dist / public inventory
https://nagi.tw/en/topics/cybersec/,https://nagi.tw/en/topics/cybersec/,A,generated route or preserved public asset,dist / public inventory
https://nagi.tw/en/topics/cybersecurity/,https://nagi.tw/en/topics/cybersecurity/,A,generated route or preserved public asset,dist / public inventory
https://nagi.tw/en/topics/dfir/,https://nagi.tw/en/topics/dfir/,A,generated route or preserved public asset,dist / public inventory
https://nagi.tw/en/topics/edge-ai/,https://nagi.tw/en/topics/edge-ai/,A,generated route or preserved public asset,dist / public inventory
https://nagi.tw/en/topics/embedded/,https://nagi.tw/en/topics/embedded/,A,generated route or preserved public asset,dist / public inventory
https://nagi.tw/en/topics/engineering/,https://nagi.tw/en/topics/engineering/,A,generated route or preserved public asset,dist / public inventory
https://nagi.tw/en/topics/financial-security/,https://nagi.tw/en/topics/financial-security/,A,generated route or preserved public asset,dist / public inventory
https://nagi.tw/en/topics/frc/,https://nagi.tw/en/topics/frc/,A,generated route or preserved public asset,dist / public inventory
https://nagi.tw/en/topics/future/,https://nagi.tw/en/topics/future/,A,generated route or preserved public asset,dist / public inventory
https://nagi.tw/en/topics/growth/,https://nagi.tw/en/topics/growth/,A,generated route or preserved public asset,dist / public inventory
https://nagi.tw/en/topics/healthcare-medical-iot/,https://nagi.tw/en/topics/healthcare-medical-iot/,A,generated route or preserved public asset,dist / public inventory
https://nagi.tw/en/topics/healthcare/,https://nagi.tw/en/topics/healthcare/,A,generated route or preserved public asset,dist / public inventory
https://nagi.tw/en/topics/high-school-life/,https://nagi.tw/en/topics/high-school-life/,A,generated route or preserved public asset,dist / public inventory
https://nagi.tw/en/topics/homelab/,https://nagi.tw/en/topics/homelab/,A,generated route or preserved public asset,dist / public inventory
https://nagi.tw/en/topics/incident-response/,https://nagi.tw/en/topics/incident-response/,A,generated route or preserved public asset,dist / public inventory
https://nagi.tw/en/topics/infosec-taiwan/,https://nagi.tw/en/topics/infosec-taiwan/,A,generated route or preserved public asset,dist / public inventory
https://nagi.tw/en/topics/introduction/,https://nagi.tw/en/topics/introduction/,A,generated route or preserved public asset,dist / public inventory
https://nagi.tw/en/topics/journey/,https://nagi.tw/en/topics/journey/,A,generated route or preserved public asset,dist / public inventory
https://nagi.tw/en/topics/life/,https://nagi.tw/en/topics/life/,A,generated route or preserved public asset,dist / public inventory
https://nagi.tw/en/topics/malware-analysis/,https://nagi.tw/en/topics/malware-analysis/,A,generated route or preserved public asset,dist / public inventory
https://nagi.tw/en/topics/medical-cybersecurity/,https://nagi.tw/en/topics/medical-cybersecurity/,A,generated route or preserved public asset,dist / public inventory
https://nagi.tw/en/topics/medical/,https://nagi.tw/en/topics/medical/,A,generated route or preserved public asset,dist / public inventory
https://nagi.tw/en/topics/memories/,https://nagi.tw/en/topics/memories/,A,generated route or preserved public asset,dist / public inventory
https://nagi.tw/en/topics/my-story/,https://nagi.tw/en/topics/my-story/,A,generated route or preserved public asset,dist / public inventory
https://nagi.tw/en/topics/ot-security/,https://nagi.tw/en/topics/ot-security/,A,generated route or preserved public asset,dist / public inventory
https://nagi.tw/en/topics/personal/,https://nagi.tw/en/topics/personal/,A,generated route or preserved public asset,dist / public inventory
https://nagi.tw/en/topics/post-quantum-cryptography/,https://nagi.tw/en/topics/post-quantum-cryptography/,A,generated route or preserved public asset,dist / public inventory
https://nagi.tw/en/topics/projects/,https://nagi.tw/en/topics/projects/,A,generated route or preserved public asset,dist / public inventory
https://nagi.tw/en/topics/raspberry-pi/,https://nagi.tw/en/topics/raspberry-pi/,A,generated route or preserved public asset,dist / public inventory
https://nagi.tw/en/topics/reflection/,https://nagi.tw/en/topics/reflection/,A,generated route or preserved public asset,dist / public inventory
https://nagi.tw/en/topics/research/,https://nagi.tw/en/topics/research/,A,generated route or preserved public asset,dist / public inventory
https://nagi.tw/en/topics/responsible-security-culture/,https://nagi.tw/en/topics/responsible-security-culture/,A,generated route or preserved public asset,dist / public inventory
https://nagi.tw/en/topics/retail/,https://nagi.tw/en/topics/retail/,A,generated route or preserved public asset,dist / public inventory
https://nagi.tw/en/topics/robotics/,https://nagi.tw/en/topics/robotics/,A,generated route or preserved public asset,dist / public inventory
https://nagi.tw/en/topics/security-culture/,https://nagi.tw/en/topics/security-culture/,A,generated route or preserved public asset,dist / public inventory
https://nagi.tw/en/topics/security/,https://nagi.tw/en/topics/security/,A,generated route or preserved public asset,dist / public inventory
https://nagi.tw/en/topics/sme-security/,https://nagi.tw/en/topics/sme-security/,A,generated route or preserved public asset,dist / public inventory
https://nagi.tw/en/topics/soc/,https://nagi.tw/en/topics/soc/,A,generated route or preserved public asset,dist / public inventory
https://nagi.tw/en/topics/students/,https://nagi.tw/en/topics/students/,A,generated route or preserved public asset,dist / public inventory
https://nagi.tw/en/topics/systems/,https://nagi.tw/en/topics/systems/,A,generated route or preserved public asset,dist / public inventory
https://nagi.tw/en/topics/windows-forensics/,https://nagi.tw/en/topics/windows-forensics/,A,generated route or preserved public asset,dist / public inventory
https://nagi.tw/en/topics/windows-malware/,https://nagi.tw/en/topics/windows-malware/,A,generated route or preserved public asset,dist / public inventory
https://nagi.tw/en/topics/wireshark/,https://nagi.tw/en/topics/wireshark/,A,generated route or preserved public asset,dist / public inventory
https://nagi.tw/en/topics/zero-trust/,https://nagi.tw/en/topics/zero-trust/,A,generated route or preserved public asset,dist / public inventory
https://nagi.tw/experience/,https://nagi.tw/experience/,A,generated route or preserved public asset,dist / public inventory
https://nagi.tw/favicon.svg,https://nagi.tw/favicon.svg,A,generated route or preserved public asset,dist / public inventory
https://nagi.tw/ja/,https://nagi.tw/ja/,A,generated route or preserved public asset,dist / public inventory
https://nagi.tw/ja/about/,https://nagi.tw/ja/about/,A,generated route or preserved public asset,dist / public inventory
https://nagi.tw/ja/archive/,https://nagi.tw/ja/archive/,A,generated route or preserved public asset,dist / public inventory
https://nagi.tw/ja/articles/,https://nagi.tw/ja/articles/,A,generated route or preserved public asset,dist / public inventory
https://nagi.tw/ja/articles/2026-security-conference/,https://nagi.tw/ja/articles/2026-security-conference/,A,generated route or preserved public asset,dist / public inventory
https://nagi.tw/ja/articles/ctf-meets-malware-analysis-windows/,https://nagi.tw/ja/articles/ctf-meets-malware-analysis-windows/,A,generated route or preserved public asset,dist / public inventory
https://nagi.tw/ja/articles/first-hackathon-in-university/,https://nagi.tw/ja/articles/first-hackathon-in-university/,A,generated route or preserved public asset,dist / public inventory
https://nagi.tw/ja/articles/frc-engineering-team/,https://nagi.tw/ja/articles/frc-engineering-team/,A,generated route or preserved public asset,dist / public inventory
https://nagi.tw/ja/articles/infosec-taiwan-2026-student-industry-gap/,https://nagi.tw/ja/articles/infosec-taiwan-2026-student-industry-gap/,A,generated route or preserved public asset,dist / public inventory
https://nagi.tw/ja/articles/not-everyone-has-to-walk-the-same-road/,https://nagi.tw/ja/articles/not-everyone-has-to-walk-the-same-road/,A,generated route or preserved public asset,dist / public inventory
https://nagi.tw/ja/articles/nurse-made-me-rethink-medical-cybersecurity/,https://nagi.tw/ja/articles/nurse-made-me-rethink-medical-cybersecurity/,A,generated route or preserved public asset,dist / public inventory
https://nagi.tw/ja/articles/prologue-the-people-i-met-along-the-way/,https://nagi.tw/ja/articles/prologue-the-people-i-met-along-the-way/,A,generated route or preserved public asset,dist / public inventory
https://nagi.tw/ja/articles/recent-projects-and-life-update/,https://nagi.tw/ja/articles/recent-projects-and-life-update/,A,generated route or preserved public asset,dist / public inventory
https://nagi.tw/ja/articles/retail-work-sme-security-culture/,https://nagi.tw/ja/articles/retail-work-sme-security-culture/,A,generated route or preserved public asset,dist / public inventory
https://nagi.tw/ja/articles/ten-years-from-now-dont-forget-who-you-are-now/,https://nagi.tw/ja/articles/ten-years-from-now-dont-forget-who-you-are-now/,A,generated route or preserved public asset,dist / public inventory
https://nagi.tw/ja/contact/,https://nagi.tw/ja/contact/,A,generated route or preserved public asset,dist / public inventory
https://nagi.tw/ja/experience/,https://nagi.tw/ja/experience/,A,generated route or preserved public asset,dist / public inventory
https://nagi.tw/ja/projects/,https://nagi.tw/ja/projects/,A,generated route or preserved public asset,dist / public inventory
https://nagi.tw/ja/research/,https://nagi.tw/ja/research/,A,generated route or preserved public asset,dist / public inventory
https://nagi.tw/ja/topics/,https://nagi.tw/ja/topics/,A,generated route or preserved public asset,dist / public inventory
https://nagi.tw/ja/topics/%E8%BF%91%E6%B3%81/,https://nagi.tw/ja/topics/%E8%BF%91%E6%B3%81/,A,generated route or preserved public asset,dist / public inventory
https://nagi.tw/ja/topics/2026-cybersecurity-conference/,https://nagi.tw/ja/topics/2026-cybersecurity-conference/,A,generated route or preserved public asset,dist / public inventory
https://nagi.tw/ja/topics/activities/,https://nagi.tw/ja/topics/activities/,A,generated route or preserved public asset,dist / public inventory
https://nagi.tw/ja/topics/ai-security/,https://nagi.tw/ja/topics/ai-security/,A,generated route or preserved public asset,dist / public inventory
https://nagi.tw/ja/topics/ai-soc/,https://nagi.tw/ja/topics/ai-soc/,A,generated route or preserved public asset,dist / public inventory
https://nagi.tw/ja/topics/ai/,https://nagi.tw/ja/topics/ai/,A,generated route or preserved public asset,dist / public inventory
https://nagi.tw/ja/topics/blue-team/,https://nagi.tw/ja/topics/blue-team/,A,generated route or preserved public asset,dist / public inventory
https://nagi.tw/ja/topics/career/,https://nagi.tw/ja/topics/career/,A,generated route or preserved public asset,dist / public inventory
https://nagi.tw/ja/topics/choices/,https://nagi.tw/ja/topics/choices/,A,generated route or preserved public asset,dist / public inventory
https://nagi.tw/ja/topics/competition/,https://nagi.tw/ja/topics/competition/,A,generated route or preserved public asset,dist / public inventory
https://nagi.tw/ja/topics/compliance/,https://nagi.tw/ja/topics/compliance/,A,generated route or preserved public asset,dist / public inventory
https://nagi.tw/ja/topics/ctf/,https://nagi.tw/ja/topics/ctf/,A,generated route or preserved public asset,dist / public inventory
https://nagi.tw/ja/topics/cybersec/,https://nagi.tw/ja/topics/cybersec/,A,generated route or preserved public asset,dist / public inventory
https://nagi.tw/ja/topics/cybersecurity/,https://nagi.tw/ja/topics/cybersecurity/,A,generated route or preserved public asset,dist / public inventory
https://nagi.tw/ja/topics/dfir/,https://nagi.tw/ja/topics/dfir/,A,generated route or preserved public asset,dist / public inventory
https://nagi.tw/ja/topics/edge-ai/,https://nagi.tw/ja/topics/edge-ai/,A,generated route or preserved public asset,dist / public inventory
https://nagi.tw/ja/topics/embedded/,https://nagi.tw/ja/topics/embedded/,A,generated route or preserved public asset,dist / public inventory
https://nagi.tw/ja/topics/engineering/,https://nagi.tw/ja/topics/engineering/,A,generated route or preserved public asset,dist / public inventory
https://nagi.tw/ja/topics/financial-security/,https://nagi.tw/ja/topics/financial-security/,A,generated route or preserved public asset,dist / public inventory
https://nagi.tw/ja/topics/frc/,https://nagi.tw/ja/topics/frc/,A,generated route or preserved public asset,dist / public inventory
https://nagi.tw/ja/topics/future/,https://nagi.tw/ja/topics/future/,A,generated route or preserved public asset,dist / public inventory
https://nagi.tw/ja/topics/growth/,https://nagi.tw/ja/topics/growth/,A,generated route or preserved public asset,dist / public inventory
https://nagi.tw/ja/topics/healthcare-medical-iot/,https://nagi.tw/ja/topics/healthcare-medical-iot/,A,generated route or preserved public asset,dist / public inventory
https://nagi.tw/ja/topics/healthcare/,https://nagi.tw/ja/topics/healthcare/,A,generated route or preserved public asset,dist / public inventory
https://nagi.tw/ja/topics/high-school-life/,https://nagi.tw/ja/topics/high-school-life/,A,generated route or preserved public asset,dist / public inventory
https://nagi.tw/ja/topics/homelab/,https://nagi.tw/ja/topics/homelab/,A,generated route or preserved public asset,dist / public inventory
https://nagi.tw/ja/topics/incident-response/,https://nagi.tw/ja/topics/incident-response/,A,generated route or preserved public asset,dist / public inventory
https://nagi.tw/ja/topics/infosec-taiwan/,https://nagi.tw/ja/topics/infosec-taiwan/,A,generated route or preserved public asset,dist / public inventory
https://nagi.tw/ja/topics/introduction/,https://nagi.tw/ja/topics/introduction/,A,generated route or preserved public asset,dist / public inventory
https://nagi.tw/ja/topics/journey/,https://nagi.tw/ja/topics/journey/,A,generated route or preserved public asset,dist / public inventory
https://nagi.tw/ja/topics/life/,https://nagi.tw/ja/topics/life/,A,generated route or preserved public asset,dist / public inventory
https://nagi.tw/ja/topics/malware-analysis/,https://nagi.tw/ja/topics/malware-analysis/,A,generated route or preserved public asset,dist / public inventory
https://nagi.tw/ja/topics/medical-cybersecurity/,https://nagi.tw/ja/topics/medical-cybersecurity/,A,generated route or preserved public asset,dist / public inventory
https://nagi.tw/ja/topics/medical/,https://nagi.tw/ja/topics/medical/,A,generated route or preserved public asset,dist / public inventory
https://nagi.tw/ja/topics/memories/,https://nagi.tw/ja/topics/memories/,A,generated route or preserved public asset,dist / public inventory
https://nagi.tw/ja/topics/my-story/,https://nagi.tw/ja/topics/my-story/,A,generated route or preserved public asset,dist / public inventory
https://nagi.tw/ja/topics/ot-security/,https://nagi.tw/ja/topics/ot-security/,A,generated route or preserved public asset,dist / public inventory
https://nagi.tw/ja/topics/personal/,https://nagi.tw/ja/topics/personal/,A,generated route or preserved public asset,dist / public inventory
https://nagi.tw/ja/topics/post-quantum-cryptography/,https://nagi.tw/ja/topics/post-quantum-cryptography/,A,generated route or preserved public asset,dist / public inventory
https://nagi.tw/ja/topics/projects/,https://nagi.tw/ja/topics/projects/,A,generated route or preserved public asset,dist / public inventory
https://nagi.tw/ja/topics/raspberry-pi/,https://nagi.tw/ja/topics/raspberry-pi/,A,generated route or preserved public asset,dist / public inventory
https://nagi.tw/ja/topics/reflection/,https://nagi.tw/ja/topics/reflection/,A,generated route or preserved public asset,dist / public inventory
https://nagi.tw/ja/topics/research/,https://nagi.tw/ja/topics/research/,A,generated route or preserved public asset,dist / public inventory
https://nagi.tw/ja/topics/responsible-security-culture/,https://nagi.tw/ja/topics/responsible-security-culture/,A,generated route or preserved public asset,dist / public inventory
https://nagi.tw/ja/topics/retail/,https://nagi.tw/ja/topics/retail/,A,generated route or preserved public asset,dist / public inventory
https://nagi.tw/ja/topics/robotics/,https://nagi.tw/ja/topics/robotics/,A,generated route or preserved public asset,dist / public inventory
https://nagi.tw/ja/topics/security-culture/,https://nagi.tw/ja/topics/security-culture/,A,generated route or preserved public asset,dist / public inventory
https://nagi.tw/ja/topics/security/,https://nagi.tw/ja/topics/security/,A,generated route or preserved public asset,dist / public inventory
https://nagi.tw/ja/topics/sme-security/,https://nagi.tw/ja/topics/sme-security/,A,generated route or preserved public asset,dist / public inventory
https://nagi.tw/ja/topics/soc/,https://nagi.tw/ja/topics/soc/,A,generated route or preserved public asset,dist / public inventory
https://nagi.tw/ja/topics/students/,https://nagi.tw/ja/topics/students/,A,generated route or preserved public asset,dist / public inventory
https://nagi.tw/ja/topics/systems/,https://nagi.tw/ja/topics/systems/,A,generated route or preserved public asset,dist / public inventory
https://nagi.tw/ja/topics/windows-forensics/,https://nagi.tw/ja/topics/windows-forensics/,A,generated route or preserved public asset,dist / public inventory
https://nagi.tw/ja/topics/windows-malware/,https://nagi.tw/ja/topics/windows-malware/,A,generated route or preserved public asset,dist / public inventory
https://nagi.tw/ja/topics/wireshark/,https://nagi.tw/ja/topics/wireshark/,A,generated route or preserved public asset,dist / public inventory
https://nagi.tw/ja/topics/zero-trust/,https://nagi.tw/ja/topics/zero-trust/,A,generated route or preserved public asset,dist / public inventory
https://nagi.tw/nagi-penguin.svg,https://nagi.tw/nagi-penguin.svg,A,generated route or preserved public asset,dist / public inventory
https://nagi.tw/projects/,https://nagi.tw/projects/,A,generated route or preserved public asset,dist / public inventory
https://nagi.tw/research/,https://nagi.tw/research/,A,generated route or preserved public asset,dist / public inventory
https://nagi.tw/robots.txt,https://nagi.tw/robots.txt,A,generated route or preserved public asset,dist / public inventory
https://nagi.tw/rss.xml,https://nagi.tw/rss.xml,A,generated route or preserved public asset,dist / public inventory
https://nagi.tw/search-index.json,https://nagi.tw/search-index.json,A,generated route or preserved public asset,dist / public inventory
https://nagi.tw/sitemap-0.xml,https://nagi.tw/sitemap-0.xml,A,generated route or preserved public asset,dist / public inventory
https://nagi.tw/sitemap-index.xml,https://nagi.tw/sitemap-index.xml,A,generated route or preserved public asset,dist / public inventory
https://nagi.tw/topics/,https://nagi.tw/topics/,A,generated route or preserved public asset,dist / public inventory
https://nagi.tw/topics/%E8%BF%91%E6%B3%81/,https://nagi.tw/topics/%E8%BF%91%E6%B3%81/,A,generated route or preserved public asset,dist / public inventory
https://nagi.tw/topics/2026-cybersecurity-conference/,https://nagi.tw/topics/2026-cybersecurity-conference/,A,generated route or preserved public asset,dist / public inventory
https://nagi.tw/topics/activities/,https://nagi.tw/topics/activities/,A,generated route or preserved public asset,dist / public inventory
https://nagi.tw/topics/ai-security/,https://nagi.tw/topics/ai-security/,A,generated route or preserved public asset,dist / public inventory
https://nagi.tw/topics/ai-soc/,https://nagi.tw/topics/ai-soc/,A,generated route or preserved public asset,dist / public inventory
https://nagi.tw/topics/ai/,https://nagi.tw/topics/ai/,A,generated route or preserved public asset,dist / public inventory
https://nagi.tw/topics/blue-team/,https://nagi.tw/topics/blue-team/,A,generated route or preserved public asset,dist / public inventory
https://nagi.tw/topics/career/,https://nagi.tw/topics/career/,A,generated route or preserved public asset,dist / public inventory
https://nagi.tw/topics/choices/,https://nagi.tw/topics/choices/,A,generated route or preserved public asset,dist / public inventory
https://nagi.tw/topics/competition/,https://nagi.tw/topics/competition/,A,generated route or preserved public asset,dist / public inventory
https://nagi.tw/topics/compliance/,https://nagi.tw/topics/compliance/,A,generated route or preserved public asset,dist / public inventory
https://nagi.tw/topics/ctf/,https://nagi.tw/topics/ctf/,A,generated route or preserved public asset,dist / public inventory
https://nagi.tw/topics/cybersec/,https://nagi.tw/topics/cybersec/,A,generated route or preserved public asset,dist / public inventory
https://nagi.tw/topics/cybersecurity/,https://nagi.tw/topics/cybersecurity/,A,generated route or preserved public asset,dist / public inventory
https://nagi.tw/topics/dfir/,https://nagi.tw/topics/dfir/,A,generated route or preserved public asset,dist / public inventory
https://nagi.tw/topics/edge-ai/,https://nagi.tw/topics/edge-ai/,A,generated route or preserved public asset,dist / public inventory
https://nagi.tw/topics/embedded/,https://nagi.tw/topics/embedded/,A,generated route or preserved public asset,dist / public inventory
https://nagi.tw/topics/engineering/,https://nagi.tw/topics/engineering/,A,generated route or preserved public asset,dist / public inventory
https://nagi.tw/topics/financial-security/,https://nagi.tw/topics/financial-security/,A,generated route or preserved public asset,dist / public inventory
https://nagi.tw/topics/frc/,https://nagi.tw/topics/frc/,A,generated route or preserved public asset,dist / public inventory
https://nagi.tw/topics/future/,https://nagi.tw/topics/future/,A,generated route or preserved public asset,dist / public inventory
https://nagi.tw/topics/growth/,https://nagi.tw/topics/growth/,A,generated route or preserved public asset,dist / public inventory
https://nagi.tw/topics/healthcare-medical-iot/,https://nagi.tw/topics/healthcare-medical-iot/,A,generated route or preserved public asset,dist / public inventory
https://nagi.tw/topics/healthcare/,https://nagi.tw/topics/healthcare/,A,generated route or preserved public asset,dist / public inventory
https://nagi.tw/topics/high-school-life/,https://nagi.tw/topics/high-school-life/,A,generated route or preserved public asset,dist / public inventory
https://nagi.tw/topics/homelab/,https://nagi.tw/topics/homelab/,A,generated route or preserved public asset,dist / public inventory
https://nagi.tw/topics/incident-response/,https://nagi.tw/topics/incident-response/,A,generated route or preserved public asset,dist / public inventory
https://nagi.tw/topics/infosec-taiwan/,https://nagi.tw/topics/infosec-taiwan/,A,generated route or preserved public asset,dist / public inventory
https://nagi.tw/topics/introduction/,https://nagi.tw/topics/introduction/,A,generated route or preserved public asset,dist / public inventory
https://nagi.tw/topics/journey/,https://nagi.tw/topics/journey/,A,generated route or preserved public asset,dist / public inventory
https://nagi.tw/topics/life/,https://nagi.tw/topics/life/,A,generated route or preserved public asset,dist / public inventory
https://nagi.tw/topics/malware-analysis/,https://nagi.tw/topics/malware-analysis/,A,generated route or preserved public asset,dist / public inventory
https://nagi.tw/topics/medical-cybersecurity/,https://nagi.tw/topics/medical-cybersecurity/,A,generated route or preserved public asset,dist / public inventory
https://nagi.tw/topics/medical/,https://nagi.tw/topics/medical/,A,generated route or preserved public asset,dist / public inventory
https://nagi.tw/topics/memories/,https://nagi.tw/topics/memories/,A,generated route or preserved public asset,dist / public inventory
https://nagi.tw/topics/my-story/,https://nagi.tw/topics/my-story/,A,generated route or preserved public asset,dist / public inventory
https://nagi.tw/topics/ot-security/,https://nagi.tw/topics/ot-security/,A,generated route or preserved public asset,dist / public inventory
https://nagi.tw/topics/personal/,https://nagi.tw/topics/personal/,A,generated route or preserved public asset,dist / public inventory
https://nagi.tw/topics/post-quantum-cryptography/,https://nagi.tw/topics/post-quantum-cryptography/,A,generated route or preserved public asset,dist / public inventory
https://nagi.tw/topics/projects/,https://nagi.tw/topics/projects/,A,generated route or preserved public asset,dist / public inventory
https://nagi.tw/topics/raspberry-pi/,https://nagi.tw/topics/raspberry-pi/,A,generated route or preserved public asset,dist / public inventory
https://nagi.tw/topics/reflection/,https://nagi.tw/topics/reflection/,A,generated route or preserved public asset,dist / public inventory
https://nagi.tw/topics/research/,https://nagi.tw/topics/research/,A,generated route or preserved public asset,dist / public inventory
https://nagi.tw/topics/responsible-security-culture/,https://nagi.tw/topics/responsible-security-culture/,A,generated route or preserved public asset,dist / public inventory
https://nagi.tw/topics/retail/,https://nagi.tw/topics/retail/,A,generated route or preserved public asset,dist / public inventory
https://nagi.tw/topics/robotics/,https://nagi.tw/topics/robotics/,A,generated route or preserved public asset,dist / public inventory
https://nagi.tw/topics/security-culture/,https://nagi.tw/topics/security-culture/,A,generated route or preserved public asset,dist / public inventory
https://nagi.tw/topics/security/,https://nagi.tw/topics/security/,A,generated route or preserved public asset,dist / public inventory
https://nagi.tw/topics/sme-security/,https://nagi.tw/topics/sme-security/,A,generated route or preserved public asset,dist / public inventory
https://nagi.tw/topics/soc/,https://nagi.tw/topics/soc/,A,generated route or preserved public asset,dist / public inventory
https://nagi.tw/topics/students/,https://nagi.tw/topics/students/,A,generated route or preserved public asset,dist / public inventory
https://nagi.tw/topics/systems/,https://nagi.tw/topics/systems/,A,generated route or preserved public asset,dist / public inventory
https://nagi.tw/topics/windows-forensics/,https://nagi.tw/topics/windows-forensics/,A,generated route or preserved public asset,dist / public inventory
https://nagi.tw/topics/windows-malware/,https://nagi.tw/topics/windows-malware/,A,generated route or preserved public asset,dist / public inventory
https://nagi.tw/topics/wireshark/,https://nagi.tw/topics/wireshark/,A,generated route or preserved public asset,dist / public inventory
https://nagi.tw/topics/zero-trust/,https://nagi.tw/topics/zero-trust/,A,generated route or preserved public asset,dist / public inventory
https://nagi.tw/zh,https://nagi.tw/,B,old explicit Chinese route; root remains Chinese,previous primary src/pages/zh/[...path].astro
https://nagi.tw/zh/,https://nagi.tw/,B,old explicit Chinese route; root remains Chinese,previous primary src/pages/zh/[...path].astro
https://nagi.tw/zh/<unknown-path>,,D,only the five source-defined /zh routes are deterministic; obtain old access logs before mapping others,requires actual legacy URL evidence / owner confirmation
https://nagi.tw/zh/contact,https://nagi.tw/contact/,B,old explicit Chinese route; root remains Chinese,previous primary src/pages/zh/[...path].astro
https://nagi.tw/zh/contact/,https://nagi.tw/contact/,B,old explicit Chinese route; root remains Chinese,previous primary src/pages/zh/[...path].astro
https://nagi.tw/zh/experience,https://nagi.tw/experience/,B,old explicit Chinese route; root remains Chinese,previous primary src/pages/zh/[...path].astro
https://nagi.tw/zh/experience/,https://nagi.tw/experience/,B,old explicit Chinese route; root remains Chinese,previous primary src/pages/zh/[...path].astro
https://nagi.tw/zh/projects,https://nagi.tw/projects/,B,old explicit Chinese route; root remains Chinese,previous primary src/pages/zh/[...path].astro
https://nagi.tw/zh/projects/,https://nagi.tw/projects/,B,old explicit Chinese route; root remains Chinese,previous primary src/pages/zh/[...path].astro
https://nagi.tw/zh/research,https://nagi.tw/research/,B,old explicit Chinese route; root remains Chinese,previous primary src/pages/zh/[...path].astro
https://nagi.tw/zh/research/,https://nagi.tw/research/,B,old explicit Chinese route; root remains Chinese,previous primary src/pages/zh/[...path].astro
https://notes.nagi.tw/,https://nagi.tw/,B,same path; host/base redirect only,legacy-url-map.csv
https://notes.nagi.tw/about,https://nagi.tw/about/,B,same path; host/base redirect only,legacy-url-map.csv
https://notes.nagi.tw/about/,https://nagi.tw/about/,B,same path; host/base redirect only,legacy-url-map.csv
https://notes.nagi.tw/about/index.html,https://nagi.tw/about/,B,explicit static index alias,generated index.html
https://notes.nagi.tw/archive,https://nagi.tw/archive/,B,same path; host/base redirect only,legacy-url-map.csv
https://notes.nagi.tw/archive/,https://nagi.tw/archive/,B,same path; host/base redirect only,legacy-url-map.csv
https://notes.nagi.tw/archive/index.html,https://nagi.tw/archive/,B,explicit static index alias,generated index.html
https://notes.nagi.tw/articles,https://nagi.tw/articles/,B,same path; host/base redirect only,legacy-url-map.csv
https://notes.nagi.tw/articles/,https://nagi.tw/articles/,B,same path; host/base redirect only,legacy-url-map.csv
https://notes.nagi.tw/articles/2026-security-conference,https://nagi.tw/articles/2026-security-conference/,B,same path; host/base redirect only,legacy-url-map.csv
https://notes.nagi.tw/articles/2026-security-conference.en,https://nagi.tw/en/articles/2026-security-conference/,B,deterministic filename-style compatibility alias; historic exposure unconfirmed,exact public slug and available translation only
https://notes.nagi.tw/articles/2026-security-conference.en.html,https://nagi.tw/en/articles/2026-security-conference/,B,deterministic filename-style compatibility alias; historic exposure unconfirmed,exact public slug and available translation only
https://notes.nagi.tw/articles/2026-security-conference.en/,https://nagi.tw/en/articles/2026-security-conference/,B,deterministic filename-style compatibility alias; historic exposure unconfirmed,exact public slug and available translation only
https://notes.nagi.tw/articles/2026-security-conference.ja,https://nagi.tw/ja/articles/2026-security-conference/,B,deterministic filename-style compatibility alias; historic exposure unconfirmed,exact public slug and available translation only
https://notes.nagi.tw/articles/2026-security-conference.ja.html,https://nagi.tw/ja/articles/2026-security-conference/,B,deterministic filename-style compatibility alias; historic exposure unconfirmed,exact public slug and available translation only
https://notes.nagi.tw/articles/2026-security-conference.ja/,https://nagi.tw/ja/articles/2026-security-conference/,B,deterministic filename-style compatibility alias; historic exposure unconfirmed,exact public slug and available translation only
https://notes.nagi.tw/articles/2026-security-conference/,https://nagi.tw/articles/2026-security-conference/,B,same path; host/base redirect only,legacy-url-map.csv
https://notes.nagi.tw/articles/2026-security-conference/en,https://nagi.tw/en/articles/2026-security-conference/,B,known language suffix maps to published locale edition,legacy-url-map.csv
https://notes.nagi.tw/articles/2026-security-conference/en/,https://nagi.tw/en/articles/2026-security-conference/,B,known language suffix maps to published locale edition,legacy-url-map.csv
https://notes.nagi.tw/articles/2026-security-conference/index.html,https://nagi.tw/articles/2026-security-conference/,B,explicit static index alias,generated index.html
https://notes.nagi.tw/articles/2026-security-conference/ja,https://nagi.tw/ja/articles/2026-security-conference/,B,known language suffix maps to published locale edition,legacy-url-map.csv
https://notes.nagi.tw/articles/2026-security-conference/ja/,https://nagi.tw/ja/articles/2026-security-conference/,B,known language suffix maps to published locale edition,legacy-url-map.csv
https://notes.nagi.tw/articles/<unknown-slug>.en.*,,D,unknown slug or filename form; exact public slug aliases only,requires actual legacy URL evidence / owner confirmation
https://notes.nagi.tw/articles/<unknown-slug>.ja.*,,D,unknown slug or filename form; exact public slug aliases only,requires actual legacy URL evidence / owner confirmation
https://notes.nagi.tw/articles/ctf-meets-malware-analysis-windows,https://nagi.tw/articles/ctf-meets-malware-analysis-windows/,B,same path; host/base redirect only,legacy-url-map.csv
https://notes.nagi.tw/articles/ctf-meets-malware-analysis-windows.en,https://nagi.tw/en/articles/ctf-meets-malware-analysis-windows/,B,deterministic filename-style compatibility alias; historic exposure unconfirmed,exact public slug and available translation only
https://notes.nagi.tw/articles/ctf-meets-malware-analysis-windows.en.html,https://nagi.tw/en/articles/ctf-meets-malware-analysis-windows/,B,deterministic filename-style compatibility alias; historic exposure unconfirmed,exact public slug and available translation only
https://notes.nagi.tw/articles/ctf-meets-malware-analysis-windows.en/,https://nagi.tw/en/articles/ctf-meets-malware-analysis-windows/,B,deterministic filename-style compatibility alias; historic exposure unconfirmed,exact public slug and available translation only
https://notes.nagi.tw/articles/ctf-meets-malware-analysis-windows.ja,https://nagi.tw/ja/articles/ctf-meets-malware-analysis-windows/,B,deterministic filename-style compatibility alias; historic exposure unconfirmed,exact public slug and available translation only
https://notes.nagi.tw/articles/ctf-meets-malware-analysis-windows.ja.html,https://nagi.tw/ja/articles/ctf-meets-malware-analysis-windows/,B,deterministic filename-style compatibility alias; historic exposure unconfirmed,exact public slug and available translation only
https://notes.nagi.tw/articles/ctf-meets-malware-analysis-windows.ja/,https://nagi.tw/ja/articles/ctf-meets-malware-analysis-windows/,B,deterministic filename-style compatibility alias; historic exposure unconfirmed,exact public slug and available translation only
https://notes.nagi.tw/articles/ctf-meets-malware-analysis-windows/,https://nagi.tw/articles/ctf-meets-malware-analysis-windows/,B,same path; host/base redirect only,legacy-url-map.csv
https://notes.nagi.tw/articles/ctf-meets-malware-analysis-windows/en,https://nagi.tw/en/articles/ctf-meets-malware-analysis-windows/,B,known language suffix maps to published locale edition,legacy-url-map.csv
https://notes.nagi.tw/articles/ctf-meets-malware-analysis-windows/en/,https://nagi.tw/en/articles/ctf-meets-malware-analysis-windows/,B,known language suffix maps to published locale edition,legacy-url-map.csv
https://notes.nagi.tw/articles/ctf-meets-malware-analysis-windows/index.html,https://nagi.tw/articles/ctf-meets-malware-analysis-windows/,B,explicit static index alias,generated index.html
https://notes.nagi.tw/articles/ctf-meets-malware-analysis-windows/ja,https://nagi.tw/ja/articles/ctf-meets-malware-analysis-windows/,B,known language suffix maps to published locale edition,legacy-url-map.csv
https://notes.nagi.tw/articles/ctf-meets-malware-analysis-windows/ja/,https://nagi.tw/ja/articles/ctf-meets-malware-analysis-windows/,B,known language suffix maps to published locale edition,legacy-url-map.csv
https://notes.nagi.tw/articles/first-hackathon-in-university,https://nagi.tw/articles/first-hackathon-in-university/,B,same path; host/base redirect only,legacy-url-map.csv
https://notes.nagi.tw/articles/first-hackathon-in-university/,https://nagi.tw/articles/first-hackathon-in-university/,B,same path; host/base redirect only,legacy-url-map.csv
https://notes.nagi.tw/articles/first-hackathon-in-university/index.html,https://nagi.tw/articles/first-hackathon-in-university/,B,explicit static index alias,generated index.html
https://notes.nagi.tw/articles/frc-engineering-team,https://nagi.tw/articles/frc-engineering-team/,B,same path; host/base redirect only,legacy-url-map.csv
https://notes.nagi.tw/articles/frc-engineering-team/,https://nagi.tw/articles/frc-engineering-team/,B,same path; host/base redirect only,legacy-url-map.csv
https://notes.nagi.tw/articles/frc-engineering-team/index.html,https://nagi.tw/articles/frc-engineering-team/,B,explicit static index alias,generated index.html
https://notes.nagi.tw/articles/index.html,https://nagi.tw/articles/,B,explicit static index alias,generated index.html
https://notes.nagi.tw/articles/infosec-taiwan-2026-student-industry-gap,https://nagi.tw/articles/infosec-taiwan-2026-student-industry-gap/,B,same path; host/base redirect only,legacy-url-map.csv
https://notes.nagi.tw/articles/infosec-taiwan-2026-student-industry-gap.en,https://nagi.tw/en/articles/infosec-taiwan-2026-student-industry-gap/,B,deterministic filename-style compatibility alias; historic exposure unconfirmed,exact public slug and available translation only
https://notes.nagi.tw/articles/infosec-taiwan-2026-student-industry-gap.en.html,https://nagi.tw/en/articles/infosec-taiwan-2026-student-industry-gap/,B,deterministic filename-style compatibility alias; historic exposure unconfirmed,exact public slug and available translation only
https://notes.nagi.tw/articles/infosec-taiwan-2026-student-industry-gap.en/,https://nagi.tw/en/articles/infosec-taiwan-2026-student-industry-gap/,B,deterministic filename-style compatibility alias; historic exposure unconfirmed,exact public slug and available translation only
https://notes.nagi.tw/articles/infosec-taiwan-2026-student-industry-gap.ja,https://nagi.tw/ja/articles/infosec-taiwan-2026-student-industry-gap/,B,deterministic filename-style compatibility alias; historic exposure unconfirmed,exact public slug and available translation only
https://notes.nagi.tw/articles/infosec-taiwan-2026-student-industry-gap.ja.html,https://nagi.tw/ja/articles/infosec-taiwan-2026-student-industry-gap/,B,deterministic filename-style compatibility alias; historic exposure unconfirmed,exact public slug and available translation only
https://notes.nagi.tw/articles/infosec-taiwan-2026-student-industry-gap.ja/,https://nagi.tw/ja/articles/infosec-taiwan-2026-student-industry-gap/,B,deterministic filename-style compatibility alias; historic exposure unconfirmed,exact public slug and available translation only
https://notes.nagi.tw/articles/infosec-taiwan-2026-student-industry-gap/,https://nagi.tw/articles/infosec-taiwan-2026-student-industry-gap/,B,same path; host/base redirect only,legacy-url-map.csv
https://notes.nagi.tw/articles/infosec-taiwan-2026-student-industry-gap/en,https://nagi.tw/en/articles/infosec-taiwan-2026-student-industry-gap/,B,known language suffix maps to published locale edition,legacy-url-map.csv
https://notes.nagi.tw/articles/infosec-taiwan-2026-student-industry-gap/en/,https://nagi.tw/en/articles/infosec-taiwan-2026-student-industry-gap/,B,known language suffix maps to published locale edition,legacy-url-map.csv
https://notes.nagi.tw/articles/infosec-taiwan-2026-student-industry-gap/index.html,https://nagi.tw/articles/infosec-taiwan-2026-student-industry-gap/,B,explicit static index alias,generated index.html
https://notes.nagi.tw/articles/infosec-taiwan-2026-student-industry-gap/ja,https://nagi.tw/ja/articles/infosec-taiwan-2026-student-industry-gap/,B,known language suffix maps to published locale edition,legacy-url-map.csv
https://notes.nagi.tw/articles/infosec-taiwan-2026-student-industry-gap/ja/,https://nagi.tw/ja/articles/infosec-taiwan-2026-student-industry-gap/,B,known language suffix maps to published locale edition,legacy-url-map.csv
https://notes.nagi.tw/articles/not-everyone-has-to-walk-the-same-road,https://nagi.tw/articles/not-everyone-has-to-walk-the-same-road/,B,same path; host/base redirect only,legacy-url-map.csv
https://notes.nagi.tw/articles/not-everyone-has-to-walk-the-same-road.ja,https://nagi.tw/ja/articles/not-everyone-has-to-walk-the-same-road/,B,deterministic filename-style compatibility alias; historic exposure unconfirmed,exact public slug and available translation only
https://notes.nagi.tw/articles/not-everyone-has-to-walk-the-same-road.ja.html,https://nagi.tw/ja/articles/not-everyone-has-to-walk-the-same-road/,B,deterministic filename-style compatibility alias; historic exposure unconfirmed,exact public slug and available translation only
https://notes.nagi.tw/articles/not-everyone-has-to-walk-the-same-road.ja/,https://nagi.tw/ja/articles/not-everyone-has-to-walk-the-same-road/,B,deterministic filename-style compatibility alias; historic exposure unconfirmed,exact public slug and available translation only
https://notes.nagi.tw/articles/not-everyone-has-to-walk-the-same-road/,https://nagi.tw/articles/not-everyone-has-to-walk-the-same-road/,B,same path; host/base redirect only,legacy-url-map.csv
https://notes.nagi.tw/articles/not-everyone-has-to-walk-the-same-road/index.html,https://nagi.tw/articles/not-everyone-has-to-walk-the-same-road/,B,explicit static index alias,generated index.html
https://notes.nagi.tw/articles/not-everyone-has-to-walk-the-same-road/ja,https://nagi.tw/ja/articles/not-everyone-has-to-walk-the-same-road/,B,known language suffix maps to published locale edition,legacy-url-map.csv
https://notes.nagi.tw/articles/not-everyone-has-to-walk-the-same-road/ja/,https://nagi.tw/ja/articles/not-everyone-has-to-walk-the-same-road/,B,known language suffix maps to published locale edition,legacy-url-map.csv
https://notes.nagi.tw/articles/nurse-made-me-rethink-medical-cybersecurity,https://nagi.tw/articles/nurse-made-me-rethink-medical-cybersecurity/,B,same path; host/base redirect only,legacy-url-map.csv
https://notes.nagi.tw/articles/nurse-made-me-rethink-medical-cybersecurity.en,https://nagi.tw/en/articles/nurse-made-me-rethink-medical-cybersecurity/,B,deterministic filename-style compatibility alias; historic exposure unconfirmed,exact public slug and available translation only
https://notes.nagi.tw/articles/nurse-made-me-rethink-medical-cybersecurity.en.html,https://nagi.tw/en/articles/nurse-made-me-rethink-medical-cybersecurity/,B,deterministic filename-style compatibility alias; historic exposure unconfirmed,exact public slug and available translation only
https://notes.nagi.tw/articles/nurse-made-me-rethink-medical-cybersecurity.en/,https://nagi.tw/en/articles/nurse-made-me-rethink-medical-cybersecurity/,B,deterministic filename-style compatibility alias; historic exposure unconfirmed,exact public slug and available translation only
https://notes.nagi.tw/articles/nurse-made-me-rethink-medical-cybersecurity.ja,https://nagi.tw/ja/articles/nurse-made-me-rethink-medical-cybersecurity/,B,deterministic filename-style compatibility alias; historic exposure unconfirmed,exact public slug and available translation only
https://notes.nagi.tw/articles/nurse-made-me-rethink-medical-cybersecurity.ja.html,https://nagi.tw/ja/articles/nurse-made-me-rethink-medical-cybersecurity/,B,deterministic filename-style compatibility alias; historic exposure unconfirmed,exact public slug and available translation only
https://notes.nagi.tw/articles/nurse-made-me-rethink-medical-cybersecurity.ja/,https://nagi.tw/ja/articles/nurse-made-me-rethink-medical-cybersecurity/,B,deterministic filename-style compatibility alias; historic exposure unconfirmed,exact public slug and available translation only
https://notes.nagi.tw/articles/nurse-made-me-rethink-medical-cybersecurity/,https://nagi.tw/articles/nurse-made-me-rethink-medical-cybersecurity/,B,same path; host/base redirect only,legacy-url-map.csv
https://notes.nagi.tw/articles/nurse-made-me-rethink-medical-cybersecurity/en,https://nagi.tw/en/articles/nurse-made-me-rethink-medical-cybersecurity/,B,known language suffix maps to published locale edition,legacy-url-map.csv
https://notes.nagi.tw/articles/nurse-made-me-rethink-medical-cybersecurity/en/,https://nagi.tw/en/articles/nurse-made-me-rethink-medical-cybersecurity/,B,known language suffix maps to published locale edition,legacy-url-map.csv
https://notes.nagi.tw/articles/nurse-made-me-rethink-medical-cybersecurity/index.html,https://nagi.tw/articles/nurse-made-me-rethink-medical-cybersecurity/,B,explicit static index alias,generated index.html
https://notes.nagi.tw/articles/nurse-made-me-rethink-medical-cybersecurity/ja,https://nagi.tw/ja/articles/nurse-made-me-rethink-medical-cybersecurity/,B,known language suffix maps to published locale edition,legacy-url-map.csv
https://notes.nagi.tw/articles/nurse-made-me-rethink-medical-cybersecurity/ja/,https://nagi.tw/ja/articles/nurse-made-me-rethink-medical-cybersecurity/,B,known language suffix maps to published locale edition,legacy-url-map.csv
https://notes.nagi.tw/articles/prologue-the-people-i-met-along-the-way,https://nagi.tw/articles/prologue-the-people-i-met-along-the-way/,B,same path; host/base redirect only,legacy-url-map.csv
https://notes.nagi.tw/articles/prologue-the-people-i-met-along-the-way.ja,https://nagi.tw/ja/articles/prologue-the-people-i-met-along-the-way/,B,deterministic filename-style compatibility alias; historic exposure unconfirmed,exact public slug and available translation only
https://notes.nagi.tw/articles/prologue-the-people-i-met-along-the-way.ja.html,https://nagi.tw/ja/articles/prologue-the-people-i-met-along-the-way/,B,deterministic filename-style compatibility alias; historic exposure unconfirmed,exact public slug and available translation only
https://notes.nagi.tw/articles/prologue-the-people-i-met-along-the-way.ja/,https://nagi.tw/ja/articles/prologue-the-people-i-met-along-the-way/,B,deterministic filename-style compatibility alias; historic exposure unconfirmed,exact public slug and available translation only
https://notes.nagi.tw/articles/prologue-the-people-i-met-along-the-way/,https://nagi.tw/articles/prologue-the-people-i-met-along-the-way/,B,same path; host/base redirect only,legacy-url-map.csv
https://notes.nagi.tw/articles/prologue-the-people-i-met-along-the-way/index.html,https://nagi.tw/articles/prologue-the-people-i-met-along-the-way/,B,explicit static index alias,generated index.html
https://notes.nagi.tw/articles/prologue-the-people-i-met-along-the-way/ja,https://nagi.tw/ja/articles/prologue-the-people-i-met-along-the-way/,B,known language suffix maps to published locale edition,legacy-url-map.csv
https://notes.nagi.tw/articles/prologue-the-people-i-met-along-the-way/ja/,https://nagi.tw/ja/articles/prologue-the-people-i-met-along-the-way/,B,known language suffix maps to published locale edition,legacy-url-map.csv
https://notes.nagi.tw/articles/recent-projects-and-life-update,https://nagi.tw/articles/recent-projects-and-life-update/,B,same path; host/base redirect only,legacy-url-map.csv
https://notes.nagi.tw/articles/recent-projects-and-life-update/,https://nagi.tw/articles/recent-projects-and-life-update/,B,same path; host/base redirect only,legacy-url-map.csv
https://notes.nagi.tw/articles/recent-projects-and-life-update/index.html,https://nagi.tw/articles/recent-projects-and-life-update/,B,explicit static index alias,generated index.html
https://notes.nagi.tw/articles/retail-work-sme-security-culture,https://nagi.tw/articles/retail-work-sme-security-culture/,B,same path; host/base redirect only,legacy-url-map.csv
https://notes.nagi.tw/articles/retail-work-sme-security-culture.en,https://nagi.tw/en/articles/retail-work-sme-security-culture/,B,deterministic filename-style compatibility alias; historic exposure unconfirmed,exact public slug and available translation only
https://notes.nagi.tw/articles/retail-work-sme-security-culture.en.html,https://nagi.tw/en/articles/retail-work-sme-security-culture/,B,deterministic filename-style compatibility alias; historic exposure unconfirmed,exact public slug and available translation only
https://notes.nagi.tw/articles/retail-work-sme-security-culture.en/,https://nagi.tw/en/articles/retail-work-sme-security-culture/,B,deterministic filename-style compatibility alias; historic exposure unconfirmed,exact public slug and available translation only
https://notes.nagi.tw/articles/retail-work-sme-security-culture.ja,https://nagi.tw/ja/articles/retail-work-sme-security-culture/,B,deterministic filename-style compatibility alias; historic exposure unconfirmed,exact public slug and available translation only
https://notes.nagi.tw/articles/retail-work-sme-security-culture.ja.html,https://nagi.tw/ja/articles/retail-work-sme-security-culture/,B,deterministic filename-style compatibility alias; historic exposure unconfirmed,exact public slug and available translation only
https://notes.nagi.tw/articles/retail-work-sme-security-culture.ja/,https://nagi.tw/ja/articles/retail-work-sme-security-culture/,B,deterministic filename-style compatibility alias; historic exposure unconfirmed,exact public slug and available translation only
https://notes.nagi.tw/articles/retail-work-sme-security-culture/,https://nagi.tw/articles/retail-work-sme-security-culture/,B,same path; host/base redirect only,legacy-url-map.csv
https://notes.nagi.tw/articles/retail-work-sme-security-culture/en,https://nagi.tw/en/articles/retail-work-sme-security-culture/,B,known language suffix maps to published locale edition,legacy-url-map.csv
https://notes.nagi.tw/articles/retail-work-sme-security-culture/en/,https://nagi.tw/en/articles/retail-work-sme-security-culture/,B,known language suffix maps to published locale edition,legacy-url-map.csv
https://notes.nagi.tw/articles/retail-work-sme-security-culture/index.html,https://nagi.tw/articles/retail-work-sme-security-culture/,B,explicit static index alias,generated index.html
https://notes.nagi.tw/articles/retail-work-sme-security-culture/ja,https://nagi.tw/ja/articles/retail-work-sme-security-culture/,B,known language suffix maps to published locale edition,legacy-url-map.csv
https://notes.nagi.tw/articles/retail-work-sme-security-culture/ja/,https://nagi.tw/ja/articles/retail-work-sme-security-culture/,B,known language suffix maps to published locale edition,legacy-url-map.csv
https://notes.nagi.tw/articles/ten-years-from-now-dont-forget-who-you-are-now,https://nagi.tw/articles/ten-years-from-now-dont-forget-who-you-are-now/,B,same path; host/base redirect only,legacy-url-map.csv
https://notes.nagi.tw/articles/ten-years-from-now-dont-forget-who-you-are-now.ja,https://nagi.tw/ja/articles/ten-years-from-now-dont-forget-who-you-are-now/,B,deterministic filename-style compatibility alias; historic exposure unconfirmed,exact public slug and available translation only
https://notes.nagi.tw/articles/ten-years-from-now-dont-forget-who-you-are-now.ja.html,https://nagi.tw/ja/articles/ten-years-from-now-dont-forget-who-you-are-now/,B,deterministic filename-style compatibility alias; historic exposure unconfirmed,exact public slug and available translation only
https://notes.nagi.tw/articles/ten-years-from-now-dont-forget-who-you-are-now.ja/,https://nagi.tw/ja/articles/ten-years-from-now-dont-forget-who-you-are-now/,B,deterministic filename-style compatibility alias; historic exposure unconfirmed,exact public slug and available translation only
https://notes.nagi.tw/articles/ten-years-from-now-dont-forget-who-you-are-now/,https://nagi.tw/articles/ten-years-from-now-dont-forget-who-you-are-now/,B,same path; host/base redirect only,legacy-url-map.csv
https://notes.nagi.tw/articles/ten-years-from-now-dont-forget-who-you-are-now/index.html,https://nagi.tw/articles/ten-years-from-now-dont-forget-who-you-are-now/,B,explicit static index alias,generated index.html
https://notes.nagi.tw/articles/ten-years-from-now-dont-forget-who-you-are-now/ja,https://nagi.tw/ja/articles/ten-years-from-now-dont-forget-who-you-are-now/,B,known language suffix maps to published locale edition,legacy-url-map.csv
https://notes.nagi.tw/articles/ten-years-from-now-dont-forget-who-you-are-now/ja/,https://nagi.tw/ja/articles/ten-years-from-now-dont-forget-who-you-are-now/,B,known language suffix maps to published locale edition,legacy-url-map.csv
https://notes.nagi.tw/assets/images/casper.png,https://nagi.tw/assets/images/casper.png,B,allowlisted same-path domain cutover,dist / public inventory
https://notes.nagi.tw/assets/images/cybersec-2026.jpg,https://nagi.tw/assets/images/cybersec-2026.jpg,B,allowlisted same-path domain cutover,dist / public inventory
https://notes.nagi.tw/assets/images/seraph.png,https://nagi.tw/assets/images/seraph.png,B,allowlisted same-path domain cutover,dist / public inventory
https://notes.nagi.tw/contact,https://nagi.tw/contact/,B,allowlisted same-path domain cutover,dist / public inventory
https://notes.nagi.tw/contact/,https://nagi.tw/contact/,B,allowlisted same-path domain cutover,dist / public inventory
https://notes.nagi.tw/contact/index.html,https://nagi.tw/contact/,B,explicit static index alias,generated index.html
https://notes.nagi.tw/en,https://nagi.tw/en/,B,same path; host/base redirect only,legacy-url-map.csv
https://notes.nagi.tw/en/,https://nagi.tw/en/,B,same path; host/base redirect only,legacy-url-map.csv
https://notes.nagi.tw/en/about,https://nagi.tw/en/about/,B,same path; host/base redirect only,legacy-url-map.csv
https://notes.nagi.tw/en/about/,https://nagi.tw/en/about/,B,same path; host/base redirect only,legacy-url-map.csv
https://notes.nagi.tw/en/about/index.html,https://nagi.tw/en/about/,B,explicit static index alias,generated index.html
https://notes.nagi.tw/en/archive,https://nagi.tw/en/archive/,B,same path; host/base redirect only,legacy-url-map.csv
https://notes.nagi.tw/en/archive/,https://nagi.tw/en/archive/,B,same path; host/base redirect only,legacy-url-map.csv
https://notes.nagi.tw/en/archive/index.html,https://nagi.tw/en/archive/,B,explicit static index alias,generated index.html
https://notes.nagi.tw/en/articles,https://nagi.tw/en/articles/,B,same path; host/base redirect only,legacy-url-map.csv
https://notes.nagi.tw/en/articles/,https://nagi.tw/en/articles/,B,same path; host/base redirect only,legacy-url-map.csv
https://notes.nagi.tw/en/articles/2026-security-conference,https://nagi.tw/en/articles/2026-security-conference/,B,same path; host/base redirect only,legacy-url-map.csv
https://notes.nagi.tw/en/articles/2026-security-conference/,https://nagi.tw/en/articles/2026-security-conference/,B,same path; host/base redirect only,legacy-url-map.csv
https://notes.nagi.tw/en/articles/2026-security-conference/index.html,https://nagi.tw/en/articles/2026-security-conference/,B,explicit static index alias,generated index.html
https://notes.nagi.tw/en/articles/ctf-meets-malware-analysis-windows,https://nagi.tw/en/articles/ctf-meets-malware-analysis-windows/,B,same path; host/base redirect only,legacy-url-map.csv
https://notes.nagi.tw/en/articles/ctf-meets-malware-analysis-windows/,https://nagi.tw/en/articles/ctf-meets-malware-analysis-windows/,B,same path; host/base redirect only,legacy-url-map.csv
https://notes.nagi.tw/en/articles/ctf-meets-malware-analysis-windows/index.html,https://nagi.tw/en/articles/ctf-meets-malware-analysis-windows/,B,explicit static index alias,generated index.html
https://notes.nagi.tw/en/articles/first-hackathon-in-university,https://nagi.tw/en/articles/first-hackathon-in-university/,B,same path; host/base redirect only,legacy-url-map.csv
https://notes.nagi.tw/en/articles/first-hackathon-in-university/,https://nagi.tw/en/articles/first-hackathon-in-university/,B,same path; host/base redirect only,legacy-url-map.csv
https://notes.nagi.tw/en/articles/first-hackathon-in-university/index.html,https://nagi.tw/en/articles/first-hackathon-in-university/,B,explicit static index alias,generated index.html
https://notes.nagi.tw/en/articles/frc-engineering-team,https://nagi.tw/en/articles/frc-engineering-team/,B,same path; host/base redirect only,legacy-url-map.csv
https://notes.nagi.tw/en/articles/frc-engineering-team/,https://nagi.tw/en/articles/frc-engineering-team/,B,same path; host/base redirect only,legacy-url-map.csv
https://notes.nagi.tw/en/articles/frc-engineering-team/index.html,https://nagi.tw/en/articles/frc-engineering-team/,B,explicit static index alias,generated index.html
https://notes.nagi.tw/en/articles/index.html,https://nagi.tw/en/articles/,B,explicit static index alias,generated index.html
https://notes.nagi.tw/en/articles/infosec-taiwan-2026-student-industry-gap,https://nagi.tw/en/articles/infosec-taiwan-2026-student-industry-gap/,B,same path; host/base redirect only,legacy-url-map.csv
https://notes.nagi.tw/en/articles/infosec-taiwan-2026-student-industry-gap/,https://nagi.tw/en/articles/infosec-taiwan-2026-student-industry-gap/,B,same path; host/base redirect only,legacy-url-map.csv
https://notes.nagi.tw/en/articles/infosec-taiwan-2026-student-industry-gap/index.html,https://nagi.tw/en/articles/infosec-taiwan-2026-student-industry-gap/,B,explicit static index alias,generated index.html
https://notes.nagi.tw/en/articles/not-everyone-has-to-walk-the-same-road,https://nagi.tw/en/articles/not-everyone-has-to-walk-the-same-road/,B,same path; host/base redirect only,legacy-url-map.csv
https://notes.nagi.tw/en/articles/not-everyone-has-to-walk-the-same-road/,https://nagi.tw/en/articles/not-everyone-has-to-walk-the-same-road/,B,same path; host/base redirect only,legacy-url-map.csv
https://notes.nagi.tw/en/articles/not-everyone-has-to-walk-the-same-road/index.html,https://nagi.tw/en/articles/not-everyone-has-to-walk-the-same-road/,B,explicit static index alias,generated index.html
https://notes.nagi.tw/en/articles/nurse-made-me-rethink-medical-cybersecurity,https://nagi.tw/en/articles/nurse-made-me-rethink-medical-cybersecurity/,B,same path; host/base redirect only,legacy-url-map.csv
https://notes.nagi.tw/en/articles/nurse-made-me-rethink-medical-cybersecurity/,https://nagi.tw/en/articles/nurse-made-me-rethink-medical-cybersecurity/,B,same path; host/base redirect only,legacy-url-map.csv
https://notes.nagi.tw/en/articles/nurse-made-me-rethink-medical-cybersecurity/index.html,https://nagi.tw/en/articles/nurse-made-me-rethink-medical-cybersecurity/,B,explicit static index alias,generated index.html
https://notes.nagi.tw/en/articles/prologue-the-people-i-met-along-the-way,https://nagi.tw/en/articles/prologue-the-people-i-met-along-the-way/,B,same path; host/base redirect only,legacy-url-map.csv
https://notes.nagi.tw/en/articles/prologue-the-people-i-met-along-the-way/,https://nagi.tw/en/articles/prologue-the-people-i-met-along-the-way/,B,same path; host/base redirect only,legacy-url-map.csv
https://notes.nagi.tw/en/articles/prologue-the-people-i-met-along-the-way/index.html,https://nagi.tw/en/articles/prologue-the-people-i-met-along-the-way/,B,explicit static index alias,generated index.html
https://notes.nagi.tw/en/articles/recent-projects-and-life-update,https://nagi.tw/en/articles/recent-projects-and-life-update/,B,same path; host/base redirect only,legacy-url-map.csv
https://notes.nagi.tw/en/articles/recent-projects-and-life-update/,https://nagi.tw/en/articles/recent-projects-and-life-update/,B,same path; host/base redirect only,legacy-url-map.csv
https://notes.nagi.tw/en/articles/recent-projects-and-life-update/index.html,https://nagi.tw/en/articles/recent-projects-and-life-update/,B,explicit static index alias,generated index.html
https://notes.nagi.tw/en/articles/retail-work-sme-security-culture,https://nagi.tw/en/articles/retail-work-sme-security-culture/,B,same path; host/base redirect only,legacy-url-map.csv
https://notes.nagi.tw/en/articles/retail-work-sme-security-culture/,https://nagi.tw/en/articles/retail-work-sme-security-culture/,B,same path; host/base redirect only,legacy-url-map.csv
https://notes.nagi.tw/en/articles/retail-work-sme-security-culture/index.html,https://nagi.tw/en/articles/retail-work-sme-security-culture/,B,explicit static index alias,generated index.html
https://notes.nagi.tw/en/articles/ten-years-from-now-dont-forget-who-you-are-now,https://nagi.tw/en/articles/ten-years-from-now-dont-forget-who-you-are-now/,B,same path; host/base redirect only,legacy-url-map.csv
https://notes.nagi.tw/en/articles/ten-years-from-now-dont-forget-who-you-are-now/,https://nagi.tw/en/articles/ten-years-from-now-dont-forget-who-you-are-now/,B,same path; host/base redirect only,legacy-url-map.csv
https://notes.nagi.tw/en/articles/ten-years-from-now-dont-forget-who-you-are-now/index.html,https://nagi.tw/en/articles/ten-years-from-now-dont-forget-who-you-are-now/,B,explicit static index alias,generated index.html
https://notes.nagi.tw/en/contact,https://nagi.tw/en/contact/,B,allowlisted same-path domain cutover,dist / public inventory
https://notes.nagi.tw/en/contact/,https://nagi.tw/en/contact/,B,allowlisted same-path domain cutover,dist / public inventory
https://notes.nagi.tw/en/contact/index.html,https://nagi.tw/en/contact/,B,explicit static index alias,generated index.html
https://notes.nagi.tw/en/experience,https://nagi.tw/en/experience/,B,same path; host/base redirect only,legacy-url-map.csv
https://notes.nagi.tw/en/experience/,https://nagi.tw/en/experience/,B,same path; host/base redirect only,legacy-url-map.csv
https://notes.nagi.tw/en/experience/index.html,https://nagi.tw/en/experience/,B,explicit static index alias,generated index.html
https://notes.nagi.tw/en/index.html,https://nagi.tw/en/,B,explicit static index alias,generated index.html
https://notes.nagi.tw/en/projects,https://nagi.tw/en/projects/,B,allowlisted same-path domain cutover,dist / public inventory
https://notes.nagi.tw/en/projects/,https://nagi.tw/en/projects/,B,allowlisted same-path domain cutover,dist / public inventory
https://notes.nagi.tw/en/projects/index.html,https://nagi.tw/en/projects/,B,explicit static index alias,generated index.html
https://notes.nagi.tw/en/research,https://nagi.tw/en/research/,B,allowlisted same-path domain cutover,dist / public inventory
https://notes.nagi.tw/en/research/,https://nagi.tw/en/research/,B,allowlisted same-path domain cutover,dist / public inventory
https://notes.nagi.tw/en/research/index.html,https://nagi.tw/en/research/,B,explicit static index alias,generated index.html
https://notes.nagi.tw/en/topics,https://nagi.tw/en/topics/,B,same path; host/base redirect only,legacy-url-map.csv
https://notes.nagi.tw/en/topics/,https://nagi.tw/en/topics/,B,same path; host/base redirect only,legacy-url-map.csv
https://notes.nagi.tw/en/topics/%E8%BF%91%E6%B3%81,https://nagi.tw/en/topics/%E8%BF%91%E6%B3%81/,B,same path; host/base redirect only,legacy-url-map.csv
https://notes.nagi.tw/en/topics/%E8%BF%91%E6%B3%81/,https://nagi.tw/en/topics/%E8%BF%91%E6%B3%81/,B,same path; host/base redirect only,legacy-url-map.csv
https://notes.nagi.tw/en/topics/%E8%BF%91%E6%B3%81/index.html,https://nagi.tw/en/topics/%E8%BF%91%E6%B3%81/,B,explicit static index alias,generated index.html
https://notes.nagi.tw/en/topics/2026-cybersecurity-conference,https://nagi.tw/en/topics/2026-cybersecurity-conference/,B,same path; host/base redirect only,legacy-url-map.csv
https://notes.nagi.tw/en/topics/2026-cybersecurity-conference/,https://nagi.tw/en/topics/2026-cybersecurity-conference/,B,same path; host/base redirect only,legacy-url-map.csv
https://notes.nagi.tw/en/topics/2026-cybersecurity-conference/index.html,https://nagi.tw/en/topics/2026-cybersecurity-conference/,B,explicit static index alias,generated index.html
https://notes.nagi.tw/en/topics/activities,https://nagi.tw/en/topics/activities/,B,allowlisted same-path domain cutover,dist / public inventory
https://notes.nagi.tw/en/topics/activities/,https://nagi.tw/en/topics/activities/,B,allowlisted same-path domain cutover,dist / public inventory
https://notes.nagi.tw/en/topics/activities/index.html,https://nagi.tw/en/topics/activities/,B,explicit static index alias,generated index.html
https://notes.nagi.tw/en/topics/ai,https://nagi.tw/en/topics/ai/,B,same path; host/base redirect only,legacy-url-map.csv
https://notes.nagi.tw/en/topics/ai-security,https://nagi.tw/en/topics/ai-security/,B,same path; host/base redirect only,legacy-url-map.csv
https://notes.nagi.tw/en/topics/ai-security/,https://nagi.tw/en/topics/ai-security/,B,same path; host/base redirect only,legacy-url-map.csv
https://notes.nagi.tw/en/topics/ai-security/index.html,https://nagi.tw/en/topics/ai-security/,B,explicit static index alias,generated index.html
https://notes.nagi.tw/en/topics/ai-soc,https://nagi.tw/en/topics/ai-soc/,B,same path; host/base redirect only,legacy-url-map.csv
https://notes.nagi.tw/en/topics/ai-soc/,https://nagi.tw/en/topics/ai-soc/,B,same path; host/base redirect only,legacy-url-map.csv
https://notes.nagi.tw/en/topics/ai-soc/index.html,https://nagi.tw/en/topics/ai-soc/,B,explicit static index alias,generated index.html
https://notes.nagi.tw/en/topics/ai/,https://nagi.tw/en/topics/ai/,B,same path; host/base redirect only,legacy-url-map.csv
https://notes.nagi.tw/en/topics/ai/index.html,https://nagi.tw/en/topics/ai/,B,explicit static index alias,generated index.html
https://notes.nagi.tw/en/topics/blue-team,https://nagi.tw/en/topics/blue-team/,B,same path; host/base redirect only,legacy-url-map.csv
https://notes.nagi.tw/en/topics/blue-team/,https://nagi.tw/en/topics/blue-team/,B,same path; host/base redirect only,legacy-url-map.csv
https://notes.nagi.tw/en/topics/blue-team/index.html,https://nagi.tw/en/topics/blue-team/,B,explicit static index alias,generated index.html
https://notes.nagi.tw/en/topics/career,https://nagi.tw/en/topics/career/,B,same path; host/base redirect only,legacy-url-map.csv
https://notes.nagi.tw/en/topics/career/,https://nagi.tw/en/topics/career/,B,same path; host/base redirect only,legacy-url-map.csv
https://notes.nagi.tw/en/topics/career/index.html,https://nagi.tw/en/topics/career/,B,explicit static index alias,generated index.html
https://notes.nagi.tw/en/topics/choices,https://nagi.tw/en/topics/choices/,B,same path; host/base redirect only,legacy-url-map.csv
https://notes.nagi.tw/en/topics/choices/,https://nagi.tw/en/topics/choices/,B,same path; host/base redirect only,legacy-url-map.csv
https://notes.nagi.tw/en/topics/choices/index.html,https://nagi.tw/en/topics/choices/,B,explicit static index alias,generated index.html
https://notes.nagi.tw/en/topics/competition,https://nagi.tw/en/topics/competition/,B,same path; host/base redirect only,legacy-url-map.csv
https://notes.nagi.tw/en/topics/competition/,https://nagi.tw/en/topics/competition/,B,same path; host/base redirect only,legacy-url-map.csv
https://notes.nagi.tw/en/topics/competition/index.html,https://nagi.tw/en/topics/competition/,B,explicit static index alias,generated index.html
https://notes.nagi.tw/en/topics/compliance,https://nagi.tw/en/topics/compliance/,B,same path; host/base redirect only,legacy-url-map.csv
https://notes.nagi.tw/en/topics/compliance/,https://nagi.tw/en/topics/compliance/,B,same path; host/base redirect only,legacy-url-map.csv
https://notes.nagi.tw/en/topics/compliance/index.html,https://nagi.tw/en/topics/compliance/,B,explicit static index alias,generated index.html
https://notes.nagi.tw/en/topics/ctf,https://nagi.tw/en/topics/ctf/,B,same path; host/base redirect only,legacy-url-map.csv
https://notes.nagi.tw/en/topics/ctf/,https://nagi.tw/en/topics/ctf/,B,same path; host/base redirect only,legacy-url-map.csv
https://notes.nagi.tw/en/topics/ctf/index.html,https://nagi.tw/en/topics/ctf/,B,explicit static index alias,generated index.html
https://notes.nagi.tw/en/topics/cybersec,https://nagi.tw/en/topics/cybersec/,B,same path; host/base redirect only,legacy-url-map.csv
https://notes.nagi.tw/en/topics/cybersec/,https://nagi.tw/en/topics/cybersec/,B,same path; host/base redirect only,legacy-url-map.csv
https://notes.nagi.tw/en/topics/cybersec/index.html,https://nagi.tw/en/topics/cybersec/,B,explicit static index alias,generated index.html
https://notes.nagi.tw/en/topics/cybersecurity,https://nagi.tw/en/topics/cybersecurity/,B,same path; host/base redirect only,legacy-url-map.csv
https://notes.nagi.tw/en/topics/cybersecurity/,https://nagi.tw/en/topics/cybersecurity/,B,same path; host/base redirect only,legacy-url-map.csv
https://notes.nagi.tw/en/topics/cybersecurity/index.html,https://nagi.tw/en/topics/cybersecurity/,B,explicit static index alias,generated index.html
https://notes.nagi.tw/en/topics/dfir,https://nagi.tw/en/topics/dfir/,B,same path; host/base redirect only,legacy-url-map.csv
https://notes.nagi.tw/en/topics/dfir/,https://nagi.tw/en/topics/dfir/,B,same path; host/base redirect only,legacy-url-map.csv
https://notes.nagi.tw/en/topics/dfir/index.html,https://nagi.tw/en/topics/dfir/,B,explicit static index alias,generated index.html
https://notes.nagi.tw/en/topics/edge-ai,https://nagi.tw/en/topics/edge-ai/,B,same path; host/base redirect only,legacy-url-map.csv
https://notes.nagi.tw/en/topics/edge-ai/,https://nagi.tw/en/topics/edge-ai/,B,same path; host/base redirect only,legacy-url-map.csv
https://notes.nagi.tw/en/topics/edge-ai/index.html,https://nagi.tw/en/topics/edge-ai/,B,explicit static index alias,generated index.html
https://notes.nagi.tw/en/topics/embedded,https://nagi.tw/en/topics/embedded/,B,allowlisted same-path domain cutover,dist / public inventory
https://notes.nagi.tw/en/topics/embedded/,https://nagi.tw/en/topics/embedded/,B,allowlisted same-path domain cutover,dist / public inventory
https://notes.nagi.tw/en/topics/embedded/index.html,https://nagi.tw/en/topics/embedded/,B,explicit static index alias,generated index.html
https://notes.nagi.tw/en/topics/engineering,https://nagi.tw/en/topics/engineering/,B,same path; host/base redirect only,legacy-url-map.csv
https://notes.nagi.tw/en/topics/engineering/,https://nagi.tw/en/topics/engineering/,B,same path; host/base redirect only,legacy-url-map.csv
https://notes.nagi.tw/en/topics/engineering/index.html,https://nagi.tw/en/topics/engineering/,B,explicit static index alias,generated index.html
https://notes.nagi.tw/en/topics/financial-security,https://nagi.tw/en/topics/financial-security/,B,same path; host/base redirect only,legacy-url-map.csv
https://notes.nagi.tw/en/topics/financial-security/,https://nagi.tw/en/topics/financial-security/,B,same path; host/base redirect only,legacy-url-map.csv
https://notes.nagi.tw/en/topics/financial-security/index.html,https://nagi.tw/en/topics/financial-security/,B,explicit static index alias,generated index.html
https://notes.nagi.tw/en/topics/frc,https://nagi.tw/en/topics/frc/,B,same path; host/base redirect only,legacy-url-map.csv
https://notes.nagi.tw/en/topics/frc/,https://nagi.tw/en/topics/frc/,B,same path; host/base redirect only,legacy-url-map.csv
https://notes.nagi.tw/en/topics/frc/index.html,https://nagi.tw/en/topics/frc/,B,explicit static index alias,generated index.html
https://notes.nagi.tw/en/topics/future,https://nagi.tw/en/topics/future/,B,same path; host/base redirect only,legacy-url-map.csv
https://notes.nagi.tw/en/topics/future/,https://nagi.tw/en/topics/future/,B,same path; host/base redirect only,legacy-url-map.csv
https://notes.nagi.tw/en/topics/future/index.html,https://nagi.tw/en/topics/future/,B,explicit static index alias,generated index.html
https://notes.nagi.tw/en/topics/growth,https://nagi.tw/en/topics/growth/,B,same path; host/base redirect only,legacy-url-map.csv
https://notes.nagi.tw/en/topics/growth/,https://nagi.tw/en/topics/growth/,B,same path; host/base redirect only,legacy-url-map.csv
https://notes.nagi.tw/en/topics/growth/index.html,https://nagi.tw/en/topics/growth/,B,explicit static index alias,generated index.html
https://notes.nagi.tw/en/topics/healthcare,https://nagi.tw/en/topics/healthcare/,B,same path; host/base redirect only,legacy-url-map.csv
https://notes.nagi.tw/en/topics/healthcare-medical-iot,https://nagi.tw/en/topics/healthcare-medical-iot/,B,same path; host/base redirect only,legacy-url-map.csv
https://notes.nagi.tw/en/topics/healthcare-medical-iot/,https://nagi.tw/en/topics/healthcare-medical-iot/,B,same path; host/base redirect only,legacy-url-map.csv
https://notes.nagi.tw/en/topics/healthcare-medical-iot/index.html,https://nagi.tw/en/topics/healthcare-medical-iot/,B,explicit static index alias,generated index.html
https://notes.nagi.tw/en/topics/healthcare/,https://nagi.tw/en/topics/healthcare/,B,same path; host/base redirect only,legacy-url-map.csv
https://notes.nagi.tw/en/topics/healthcare/index.html,https://nagi.tw/en/topics/healthcare/,B,explicit static index alias,generated index.html
https://notes.nagi.tw/en/topics/high-school-life,https://nagi.tw/en/topics/high-school-life/,B,same path; host/base redirect only,legacy-url-map.csv
https://notes.nagi.tw/en/topics/high-school-life/,https://nagi.tw/en/topics/high-school-life/,B,same path; host/base redirect only,legacy-url-map.csv
https://notes.nagi.tw/en/topics/high-school-life/index.html,https://nagi.tw/en/topics/high-school-life/,B,explicit static index alias,generated index.html
https://notes.nagi.tw/en/topics/homelab,https://nagi.tw/en/topics/homelab/,B,same path; host/base redirect only,legacy-url-map.csv
https://notes.nagi.tw/en/topics/homelab/,https://nagi.tw/en/topics/homelab/,B,same path; host/base redirect only,legacy-url-map.csv
https://notes.nagi.tw/en/topics/homelab/index.html,https://nagi.tw/en/topics/homelab/,B,explicit static index alias,generated index.html
https://notes.nagi.tw/en/topics/incident-response,https://nagi.tw/en/topics/incident-response/,B,same path; host/base redirect only,legacy-url-map.csv
https://notes.nagi.tw/en/topics/incident-response/,https://nagi.tw/en/topics/incident-response/,B,same path; host/base redirect only,legacy-url-map.csv
https://notes.nagi.tw/en/topics/incident-response/index.html,https://nagi.tw/en/topics/incident-response/,B,explicit static index alias,generated index.html
https://notes.nagi.tw/en/topics/index.html,https://nagi.tw/en/topics/,B,explicit static index alias,generated index.html
https://notes.nagi.tw/en/topics/infosec-taiwan,https://nagi.tw/en/topics/infosec-taiwan/,B,same path; host/base redirect only,legacy-url-map.csv
https://notes.nagi.tw/en/topics/infosec-taiwan/,https://nagi.tw/en/topics/infosec-taiwan/,B,same path; host/base redirect only,legacy-url-map.csv
https://notes.nagi.tw/en/topics/infosec-taiwan/index.html,https://nagi.tw/en/topics/infosec-taiwan/,B,explicit static index alias,generated index.html
https://notes.nagi.tw/en/topics/introduction,https://nagi.tw/en/topics/introduction/,B,same path; host/base redirect only,legacy-url-map.csv
https://notes.nagi.tw/en/topics/introduction/,https://nagi.tw/en/topics/introduction/,B,same path; host/base redirect only,legacy-url-map.csv
https://notes.nagi.tw/en/topics/introduction/index.html,https://nagi.tw/en/topics/introduction/,B,explicit static index alias,generated index.html
https://notes.nagi.tw/en/topics/journey,https://nagi.tw/en/topics/journey/,B,same path; host/base redirect only,legacy-url-map.csv
https://notes.nagi.tw/en/topics/journey/,https://nagi.tw/en/topics/journey/,B,same path; host/base redirect only,legacy-url-map.csv
https://notes.nagi.tw/en/topics/journey/index.html,https://nagi.tw/en/topics/journey/,B,explicit static index alias,generated index.html
https://notes.nagi.tw/en/topics/life,https://nagi.tw/en/topics/life/,B,allowlisted same-path domain cutover,dist / public inventory
https://notes.nagi.tw/en/topics/life/,https://nagi.tw/en/topics/life/,B,allowlisted same-path domain cutover,dist / public inventory
https://notes.nagi.tw/en/topics/life/index.html,https://nagi.tw/en/topics/life/,B,explicit static index alias,generated index.html
https://notes.nagi.tw/en/topics/malware-analysis,https://nagi.tw/en/topics/malware-analysis/,B,same path; host/base redirect only,legacy-url-map.csv
https://notes.nagi.tw/en/topics/malware-analysis/,https://nagi.tw/en/topics/malware-analysis/,B,same path; host/base redirect only,legacy-url-map.csv
https://notes.nagi.tw/en/topics/malware-analysis/index.html,https://nagi.tw/en/topics/malware-analysis/,B,explicit static index alias,generated index.html
https://notes.nagi.tw/en/topics/medical,https://nagi.tw/en/topics/medical/,B,allowlisted same-path domain cutover,dist / public inventory
https://notes.nagi.tw/en/topics/medical-cybersecurity,https://nagi.tw/en/topics/medical-cybersecurity/,B,same path; host/base redirect only,legacy-url-map.csv
https://notes.nagi.tw/en/topics/medical-cybersecurity/,https://nagi.tw/en/topics/medical-cybersecurity/,B,same path; host/base redirect only,legacy-url-map.csv
https://notes.nagi.tw/en/topics/medical-cybersecurity/index.html,https://nagi.tw/en/topics/medical-cybersecurity/,B,explicit static index alias,generated index.html
https://notes.nagi.tw/en/topics/medical/,https://nagi.tw/en/topics/medical/,B,allowlisted same-path domain cutover,dist / public inventory
https://notes.nagi.tw/en/topics/medical/index.html,https://nagi.tw/en/topics/medical/,B,explicit static index alias,generated index.html
https://notes.nagi.tw/en/topics/memories,https://nagi.tw/en/topics/memories/,B,same path; host/base redirect only,legacy-url-map.csv
https://notes.nagi.tw/en/topics/memories/,https://nagi.tw/en/topics/memories/,B,same path; host/base redirect only,legacy-url-map.csv
https://notes.nagi.tw/en/topics/memories/index.html,https://nagi.tw/en/topics/memories/,B,explicit static index alias,generated index.html
https://notes.nagi.tw/en/topics/my-story,https://nagi.tw/en/topics/my-story/,B,same path; host/base redirect only,legacy-url-map.csv
https://notes.nagi.tw/en/topics/my-story/,https://nagi.tw/en/topics/my-story/,B,same path; host/base redirect only,legacy-url-map.csv
https://notes.nagi.tw/en/topics/my-story/index.html,https://nagi.tw/en/topics/my-story/,B,explicit static index alias,generated index.html
https://notes.nagi.tw/en/topics/ot-security,https://nagi.tw/en/topics/ot-security/,B,same path; host/base redirect only,legacy-url-map.csv
https://notes.nagi.tw/en/topics/ot-security/,https://nagi.tw/en/topics/ot-security/,B,same path; host/base redirect only,legacy-url-map.csv
https://notes.nagi.tw/en/topics/ot-security/index.html,https://nagi.tw/en/topics/ot-security/,B,explicit static index alias,generated index.html
https://notes.nagi.tw/en/topics/personal,https://nagi.tw/en/topics/personal/,B,same path; host/base redirect only,legacy-url-map.csv
https://notes.nagi.tw/en/topics/personal/,https://nagi.tw/en/topics/personal/,B,same path; host/base redirect only,legacy-url-map.csv
https://notes.nagi.tw/en/topics/personal/index.html,https://nagi.tw/en/topics/personal/,B,explicit static index alias,generated index.html
https://notes.nagi.tw/en/topics/post-quantum-cryptography,https://nagi.tw/en/topics/post-quantum-cryptography/,B,same path; host/base redirect only,legacy-url-map.csv
https://notes.nagi.tw/en/topics/post-quantum-cryptography/,https://nagi.tw/en/topics/post-quantum-cryptography/,B,same path; host/base redirect only,legacy-url-map.csv
https://notes.nagi.tw/en/topics/post-quantum-cryptography/index.html,https://nagi.tw/en/topics/post-quantum-cryptography/,B,explicit static index alias,generated index.html
https://notes.nagi.tw/en/topics/projects,https://nagi.tw/en/topics/projects/,B,same path; host/base redirect only,legacy-url-map.csv
https://notes.nagi.tw/en/topics/projects/,https://nagi.tw/en/topics/projects/,B,same path; host/base redirect only,legacy-url-map.csv
https://notes.nagi.tw/en/topics/projects/index.html,https://nagi.tw/en/topics/projects/,B,explicit static index alias,generated index.html
https://notes.nagi.tw/en/topics/raspberry-pi,https://nagi.tw/en/topics/raspberry-pi/,B,same path; host/base redirect only,legacy-url-map.csv
https://notes.nagi.tw/en/topics/raspberry-pi/,https://nagi.tw/en/topics/raspberry-pi/,B,same path; host/base redirect only,legacy-url-map.csv
https://notes.nagi.tw/en/topics/raspberry-pi/index.html,https://nagi.tw/en/topics/raspberry-pi/,B,explicit static index alias,generated index.html
https://notes.nagi.tw/en/topics/reflection,https://nagi.tw/en/topics/reflection/,B,same path; host/base redirect only,legacy-url-map.csv
https://notes.nagi.tw/en/topics/reflection/,https://nagi.tw/en/topics/reflection/,B,same path; host/base redirect only,legacy-url-map.csv
https://notes.nagi.tw/en/topics/reflection/index.html,https://nagi.tw/en/topics/reflection/,B,explicit static index alias,generated index.html
https://notes.nagi.tw/en/topics/research,https://nagi.tw/en/topics/research/,B,same path; host/base redirect only,legacy-url-map.csv
https://notes.nagi.tw/en/topics/research/,https://nagi.tw/en/topics/research/,B,same path; host/base redirect only,legacy-url-map.csv
https://notes.nagi.tw/en/topics/research/index.html,https://nagi.tw/en/topics/research/,B,explicit static index alias,generated index.html
https://notes.nagi.tw/en/topics/responsible-security-culture,https://nagi.tw/en/topics/responsible-security-culture/,B,same path; host/base redirect only,legacy-url-map.csv
https://notes.nagi.tw/en/topics/responsible-security-culture/,https://nagi.tw/en/topics/responsible-security-culture/,B,same path; host/base redirect only,legacy-url-map.csv
https://notes.nagi.tw/en/topics/responsible-security-culture/index.html,https://nagi.tw/en/topics/responsible-security-culture/,B,explicit static index alias,generated index.html
https://notes.nagi.tw/en/topics/retail,https://nagi.tw/en/topics/retail/,B,same path; host/base redirect only,legacy-url-map.csv
https://notes.nagi.tw/en/topics/retail/,https://nagi.tw/en/topics/retail/,B,same path; host/base redirect only,legacy-url-map.csv
https://notes.nagi.tw/en/topics/retail/index.html,https://nagi.tw/en/topics/retail/,B,explicit static index alias,generated index.html
https://notes.nagi.tw/en/topics/robotics,https://nagi.tw/en/topics/robotics/,B,same path; host/base redirect only,legacy-url-map.csv
https://notes.nagi.tw/en/topics/robotics/,https://nagi.tw/en/topics/robotics/,B,same path; host/base redirect only,legacy-url-map.csv
https://notes.nagi.tw/en/topics/robotics/index.html,https://nagi.tw/en/topics/robotics/,B,explicit static index alias,generated index.html
https://notes.nagi.tw/en/topics/security,https://nagi.tw/en/topics/security/,B,same path; host/base redirect only,legacy-url-map.csv
https://notes.nagi.tw/en/topics/security-culture,https://nagi.tw/en/topics/security-culture/,B,same path; host/base redirect only,legacy-url-map.csv
https://notes.nagi.tw/en/topics/security-culture/,https://nagi.tw/en/topics/security-culture/,B,same path; host/base redirect only,legacy-url-map.csv
https://notes.nagi.tw/en/topics/security-culture/index.html,https://nagi.tw/en/topics/security-culture/,B,explicit static index alias,generated index.html
https://notes.nagi.tw/en/topics/security/,https://nagi.tw/en/topics/security/,B,same path; host/base redirect only,legacy-url-map.csv
https://notes.nagi.tw/en/topics/security/index.html,https://nagi.tw/en/topics/security/,B,explicit static index alias,generated index.html
https://notes.nagi.tw/en/topics/sme-security,https://nagi.tw/en/topics/sme-security/,B,same path; host/base redirect only,legacy-url-map.csv
https://notes.nagi.tw/en/topics/sme-security/,https://nagi.tw/en/topics/sme-security/,B,same path; host/base redirect only,legacy-url-map.csv
https://notes.nagi.tw/en/topics/sme-security/index.html,https://nagi.tw/en/topics/sme-security/,B,explicit static index alias,generated index.html
https://notes.nagi.tw/en/topics/soc,https://nagi.tw/en/topics/soc/,B,same path; host/base redirect only,legacy-url-map.csv
https://notes.nagi.tw/en/topics/soc/,https://nagi.tw/en/topics/soc/,B,same path; host/base redirect only,legacy-url-map.csv
https://notes.nagi.tw/en/topics/soc/index.html,https://nagi.tw/en/topics/soc/,B,explicit static index alias,generated index.html
https://notes.nagi.tw/en/topics/students,https://nagi.tw/en/topics/students/,B,same path; host/base redirect only,legacy-url-map.csv
https://notes.nagi.tw/en/topics/students/,https://nagi.tw/en/topics/students/,B,same path; host/base redirect only,legacy-url-map.csv
https://notes.nagi.tw/en/topics/students/index.html,https://nagi.tw/en/topics/students/,B,explicit static index alias,generated index.html
https://notes.nagi.tw/en/topics/systems,https://nagi.tw/en/topics/systems/,B,allowlisted same-path domain cutover,dist / public inventory
https://notes.nagi.tw/en/topics/systems/,https://nagi.tw/en/topics/systems/,B,allowlisted same-path domain cutover,dist / public inventory
https://notes.nagi.tw/en/topics/systems/index.html,https://nagi.tw/en/topics/systems/,B,explicit static index alias,generated index.html
https://notes.nagi.tw/en/topics/windows-forensics,https://nagi.tw/en/topics/windows-forensics/,B,same path; host/base redirect only,legacy-url-map.csv
https://notes.nagi.tw/en/topics/windows-forensics/,https://nagi.tw/en/topics/windows-forensics/,B,same path; host/base redirect only,legacy-url-map.csv
https://notes.nagi.tw/en/topics/windows-forensics/index.html,https://nagi.tw/en/topics/windows-forensics/,B,explicit static index alias,generated index.html
https://notes.nagi.tw/en/topics/windows-malware,https://nagi.tw/en/topics/windows-malware/,B,same path; host/base redirect only,legacy-url-map.csv
https://notes.nagi.tw/en/topics/windows-malware/,https://nagi.tw/en/topics/windows-malware/,B,same path; host/base redirect only,legacy-url-map.csv
https://notes.nagi.tw/en/topics/windows-malware/index.html,https://nagi.tw/en/topics/windows-malware/,B,explicit static index alias,generated index.html
https://notes.nagi.tw/en/topics/wireshark,https://nagi.tw/en/topics/wireshark/,B,same path; host/base redirect only,legacy-url-map.csv
https://notes.nagi.tw/en/topics/wireshark/,https://nagi.tw/en/topics/wireshark/,B,same path; host/base redirect only,legacy-url-map.csv
https://notes.nagi.tw/en/topics/wireshark/index.html,https://nagi.tw/en/topics/wireshark/,B,explicit static index alias,generated index.html
https://notes.nagi.tw/en/topics/zero-trust,https://nagi.tw/en/topics/zero-trust/,B,same path; host/base redirect only,legacy-url-map.csv
https://notes.nagi.tw/en/topics/zero-trust/,https://nagi.tw/en/topics/zero-trust/,B,same path; host/base redirect only,legacy-url-map.csv
https://notes.nagi.tw/en/topics/zero-trust/index.html,https://nagi.tw/en/topics/zero-trust/,B,explicit static index alias,generated index.html
https://notes.nagi.tw/experience,https://nagi.tw/experience/,B,same path; host/base redirect only,legacy-url-map.csv
https://notes.nagi.tw/experience/,https://nagi.tw/experience/,B,same path; host/base redirect only,legacy-url-map.csv
https://notes.nagi.tw/experience/index.html,https://nagi.tw/experience/,B,explicit static index alias,generated index.html
https://notes.nagi.tw/favicon.svg,https://nagi.tw/favicon.svg,B,allowlisted same-path domain cutover,dist / public inventory
https://notes.nagi.tw/index.html,https://nagi.tw/,B,explicit static index alias,generated index.html
https://notes.nagi.tw/ja,https://nagi.tw/ja/,B,same path; host/base redirect only,legacy-url-map.csv
https://notes.nagi.tw/ja/,https://nagi.tw/ja/,B,same path; host/base redirect only,legacy-url-map.csv
https://notes.nagi.tw/ja/about,https://nagi.tw/ja/about/,B,same path; host/base redirect only,legacy-url-map.csv
https://notes.nagi.tw/ja/about/,https://nagi.tw/ja/about/,B,same path; host/base redirect only,legacy-url-map.csv
https://notes.nagi.tw/ja/about/index.html,https://nagi.tw/ja/about/,B,explicit static index alias,generated index.html
https://notes.nagi.tw/ja/archive,https://nagi.tw/ja/archive/,B,same path; host/base redirect only,legacy-url-map.csv
https://notes.nagi.tw/ja/archive/,https://nagi.tw/ja/archive/,B,same path; host/base redirect only,legacy-url-map.csv
https://notes.nagi.tw/ja/archive/index.html,https://nagi.tw/ja/archive/,B,explicit static index alias,generated index.html
https://notes.nagi.tw/ja/articles,https://nagi.tw/ja/articles/,B,same path; host/base redirect only,legacy-url-map.csv
https://notes.nagi.tw/ja/articles/,https://nagi.tw/ja/articles/,B,same path; host/base redirect only,legacy-url-map.csv
https://notes.nagi.tw/ja/articles/2026-security-conference,https://nagi.tw/ja/articles/2026-security-conference/,B,same path; host/base redirect only,legacy-url-map.csv
https://notes.nagi.tw/ja/articles/2026-security-conference/,https://nagi.tw/ja/articles/2026-security-conference/,B,same path; host/base redirect only,legacy-url-map.csv
https://notes.nagi.tw/ja/articles/2026-security-conference/index.html,https://nagi.tw/ja/articles/2026-security-conference/,B,explicit static index alias,generated index.html
https://notes.nagi.tw/ja/articles/ctf-meets-malware-analysis-windows,https://nagi.tw/ja/articles/ctf-meets-malware-analysis-windows/,B,same path; host/base redirect only,legacy-url-map.csv
https://notes.nagi.tw/ja/articles/ctf-meets-malware-analysis-windows/,https://nagi.tw/ja/articles/ctf-meets-malware-analysis-windows/,B,same path; host/base redirect only,legacy-url-map.csv
https://notes.nagi.tw/ja/articles/ctf-meets-malware-analysis-windows/index.html,https://nagi.tw/ja/articles/ctf-meets-malware-analysis-windows/,B,explicit static index alias,generated index.html
https://notes.nagi.tw/ja/articles/first-hackathon-in-university,https://nagi.tw/ja/articles/first-hackathon-in-university/,B,same path; host/base redirect only,legacy-url-map.csv
https://notes.nagi.tw/ja/articles/first-hackathon-in-university/,https://nagi.tw/ja/articles/first-hackathon-in-university/,B,same path; host/base redirect only,legacy-url-map.csv
https://notes.nagi.tw/ja/articles/first-hackathon-in-university/index.html,https://nagi.tw/ja/articles/first-hackathon-in-university/,B,explicit static index alias,generated index.html
https://notes.nagi.tw/ja/articles/frc-engineering-team,https://nagi.tw/ja/articles/frc-engineering-team/,B,same path; host/base redirect only,legacy-url-map.csv
https://notes.nagi.tw/ja/articles/frc-engineering-team/,https://nagi.tw/ja/articles/frc-engineering-team/,B,same path; host/base redirect only,legacy-url-map.csv
https://notes.nagi.tw/ja/articles/frc-engineering-team/index.html,https://nagi.tw/ja/articles/frc-engineering-team/,B,explicit static index alias,generated index.html
https://notes.nagi.tw/ja/articles/index.html,https://nagi.tw/ja/articles/,B,explicit static index alias,generated index.html
https://notes.nagi.tw/ja/articles/infosec-taiwan-2026-student-industry-gap,https://nagi.tw/ja/articles/infosec-taiwan-2026-student-industry-gap/,B,same path; host/base redirect only,legacy-url-map.csv
https://notes.nagi.tw/ja/articles/infosec-taiwan-2026-student-industry-gap/,https://nagi.tw/ja/articles/infosec-taiwan-2026-student-industry-gap/,B,same path; host/base redirect only,legacy-url-map.csv
https://notes.nagi.tw/ja/articles/infosec-taiwan-2026-student-industry-gap/index.html,https://nagi.tw/ja/articles/infosec-taiwan-2026-student-industry-gap/,B,explicit static index alias,generated index.html
https://notes.nagi.tw/ja/articles/not-everyone-has-to-walk-the-same-road,https://nagi.tw/ja/articles/not-everyone-has-to-walk-the-same-road/,B,same path; host/base redirect only,legacy-url-map.csv
https://notes.nagi.tw/ja/articles/not-everyone-has-to-walk-the-same-road/,https://nagi.tw/ja/articles/not-everyone-has-to-walk-the-same-road/,B,same path; host/base redirect only,legacy-url-map.csv
https://notes.nagi.tw/ja/articles/not-everyone-has-to-walk-the-same-road/index.html,https://nagi.tw/ja/articles/not-everyone-has-to-walk-the-same-road/,B,explicit static index alias,generated index.html
https://notes.nagi.tw/ja/articles/nurse-made-me-rethink-medical-cybersecurity,https://nagi.tw/ja/articles/nurse-made-me-rethink-medical-cybersecurity/,B,same path; host/base redirect only,legacy-url-map.csv
https://notes.nagi.tw/ja/articles/nurse-made-me-rethink-medical-cybersecurity/,https://nagi.tw/ja/articles/nurse-made-me-rethink-medical-cybersecurity/,B,same path; host/base redirect only,legacy-url-map.csv
https://notes.nagi.tw/ja/articles/nurse-made-me-rethink-medical-cybersecurity/index.html,https://nagi.tw/ja/articles/nurse-made-me-rethink-medical-cybersecurity/,B,explicit static index alias,generated index.html
https://notes.nagi.tw/ja/articles/prologue-the-people-i-met-along-the-way,https://nagi.tw/ja/articles/prologue-the-people-i-met-along-the-way/,B,same path; host/base redirect only,legacy-url-map.csv
https://notes.nagi.tw/ja/articles/prologue-the-people-i-met-along-the-way/,https://nagi.tw/ja/articles/prologue-the-people-i-met-along-the-way/,B,same path; host/base redirect only,legacy-url-map.csv
https://notes.nagi.tw/ja/articles/prologue-the-people-i-met-along-the-way/index.html,https://nagi.tw/ja/articles/prologue-the-people-i-met-along-the-way/,B,explicit static index alias,generated index.html
https://notes.nagi.tw/ja/articles/recent-projects-and-life-update,https://nagi.tw/ja/articles/recent-projects-and-life-update/,B,same path; host/base redirect only,legacy-url-map.csv
https://notes.nagi.tw/ja/articles/recent-projects-and-life-update/,https://nagi.tw/ja/articles/recent-projects-and-life-update/,B,same path; host/base redirect only,legacy-url-map.csv
https://notes.nagi.tw/ja/articles/recent-projects-and-life-update/index.html,https://nagi.tw/ja/articles/recent-projects-and-life-update/,B,explicit static index alias,generated index.html
https://notes.nagi.tw/ja/articles/retail-work-sme-security-culture,https://nagi.tw/ja/articles/retail-work-sme-security-culture/,B,same path; host/base redirect only,legacy-url-map.csv
https://notes.nagi.tw/ja/articles/retail-work-sme-security-culture/,https://nagi.tw/ja/articles/retail-work-sme-security-culture/,B,same path; host/base redirect only,legacy-url-map.csv
https://notes.nagi.tw/ja/articles/retail-work-sme-security-culture/index.html,https://nagi.tw/ja/articles/retail-work-sme-security-culture/,B,explicit static index alias,generated index.html
https://notes.nagi.tw/ja/articles/ten-years-from-now-dont-forget-who-you-are-now,https://nagi.tw/ja/articles/ten-years-from-now-dont-forget-who-you-are-now/,B,same path; host/base redirect only,legacy-url-map.csv
https://notes.nagi.tw/ja/articles/ten-years-from-now-dont-forget-who-you-are-now/,https://nagi.tw/ja/articles/ten-years-from-now-dont-forget-who-you-are-now/,B,same path; host/base redirect only,legacy-url-map.csv
https://notes.nagi.tw/ja/articles/ten-years-from-now-dont-forget-who-you-are-now/index.html,https://nagi.tw/ja/articles/ten-years-from-now-dont-forget-who-you-are-now/,B,explicit static index alias,generated index.html
https://notes.nagi.tw/ja/contact,https://nagi.tw/ja/contact/,B,allowlisted same-path domain cutover,dist / public inventory
https://notes.nagi.tw/ja/contact/,https://nagi.tw/ja/contact/,B,allowlisted same-path domain cutover,dist / public inventory
https://notes.nagi.tw/ja/contact/index.html,https://nagi.tw/ja/contact/,B,explicit static index alias,generated index.html
https://notes.nagi.tw/ja/experience,https://nagi.tw/ja/experience/,B,same path; host/base redirect only,legacy-url-map.csv
https://notes.nagi.tw/ja/experience/,https://nagi.tw/ja/experience/,B,same path; host/base redirect only,legacy-url-map.csv
https://notes.nagi.tw/ja/experience/index.html,https://nagi.tw/ja/experience/,B,explicit static index alias,generated index.html
https://notes.nagi.tw/ja/index.html,https://nagi.tw/ja/,B,explicit static index alias,generated index.html
https://notes.nagi.tw/ja/projects,https://nagi.tw/ja/projects/,B,allowlisted same-path domain cutover,dist / public inventory
https://notes.nagi.tw/ja/projects/,https://nagi.tw/ja/projects/,B,allowlisted same-path domain cutover,dist / public inventory
https://notes.nagi.tw/ja/projects/index.html,https://nagi.tw/ja/projects/,B,explicit static index alias,generated index.html
https://notes.nagi.tw/ja/research,https://nagi.tw/ja/research/,B,allowlisted same-path domain cutover,dist / public inventory
https://notes.nagi.tw/ja/research/,https://nagi.tw/ja/research/,B,allowlisted same-path domain cutover,dist / public inventory
https://notes.nagi.tw/ja/research/index.html,https://nagi.tw/ja/research/,B,explicit static index alias,generated index.html
https://notes.nagi.tw/ja/topics,https://nagi.tw/ja/topics/,B,same path; host/base redirect only,legacy-url-map.csv
https://notes.nagi.tw/ja/topics/,https://nagi.tw/ja/topics/,B,same path; host/base redirect only,legacy-url-map.csv
https://notes.nagi.tw/ja/topics/%E8%BF%91%E6%B3%81,https://nagi.tw/ja/topics/%E8%BF%91%E6%B3%81/,B,same path; host/base redirect only,legacy-url-map.csv
https://notes.nagi.tw/ja/topics/%E8%BF%91%E6%B3%81/,https://nagi.tw/ja/topics/%E8%BF%91%E6%B3%81/,B,same path; host/base redirect only,legacy-url-map.csv
https://notes.nagi.tw/ja/topics/%E8%BF%91%E6%B3%81/index.html,https://nagi.tw/ja/topics/%E8%BF%91%E6%B3%81/,B,explicit static index alias,generated index.html
https://notes.nagi.tw/ja/topics/2026-cybersecurity-conference,https://nagi.tw/ja/topics/2026-cybersecurity-conference/,B,same path; host/base redirect only,legacy-url-map.csv
https://notes.nagi.tw/ja/topics/2026-cybersecurity-conference/,https://nagi.tw/ja/topics/2026-cybersecurity-conference/,B,same path; host/base redirect only,legacy-url-map.csv
https://notes.nagi.tw/ja/topics/2026-cybersecurity-conference/index.html,https://nagi.tw/ja/topics/2026-cybersecurity-conference/,B,explicit static index alias,generated index.html
https://notes.nagi.tw/ja/topics/activities,https://nagi.tw/ja/topics/activities/,B,allowlisted same-path domain cutover,dist / public inventory
https://notes.nagi.tw/ja/topics/activities/,https://nagi.tw/ja/topics/activities/,B,allowlisted same-path domain cutover,dist / public inventory
https://notes.nagi.tw/ja/topics/activities/index.html,https://nagi.tw/ja/topics/activities/,B,explicit static index alias,generated index.html
https://notes.nagi.tw/ja/topics/ai,https://nagi.tw/ja/topics/ai/,B,same path; host/base redirect only,legacy-url-map.csv
https://notes.nagi.tw/ja/topics/ai-security,https://nagi.tw/ja/topics/ai-security/,B,same path; host/base redirect only,legacy-url-map.csv
https://notes.nagi.tw/ja/topics/ai-security/,https://nagi.tw/ja/topics/ai-security/,B,same path; host/base redirect only,legacy-url-map.csv
https://notes.nagi.tw/ja/topics/ai-security/index.html,https://nagi.tw/ja/topics/ai-security/,B,explicit static index alias,generated index.html
https://notes.nagi.tw/ja/topics/ai-soc,https://nagi.tw/ja/topics/ai-soc/,B,same path; host/base redirect only,legacy-url-map.csv
https://notes.nagi.tw/ja/topics/ai-soc/,https://nagi.tw/ja/topics/ai-soc/,B,same path; host/base redirect only,legacy-url-map.csv
https://notes.nagi.tw/ja/topics/ai-soc/index.html,https://nagi.tw/ja/topics/ai-soc/,B,explicit static index alias,generated index.html
https://notes.nagi.tw/ja/topics/ai/,https://nagi.tw/ja/topics/ai/,B,same path; host/base redirect only,legacy-url-map.csv
https://notes.nagi.tw/ja/topics/ai/index.html,https://nagi.tw/ja/topics/ai/,B,explicit static index alias,generated index.html
https://notes.nagi.tw/ja/topics/blue-team,https://nagi.tw/ja/topics/blue-team/,B,same path; host/base redirect only,legacy-url-map.csv
https://notes.nagi.tw/ja/topics/blue-team/,https://nagi.tw/ja/topics/blue-team/,B,same path; host/base redirect only,legacy-url-map.csv
https://notes.nagi.tw/ja/topics/blue-team/index.html,https://nagi.tw/ja/topics/blue-team/,B,explicit static index alias,generated index.html
https://notes.nagi.tw/ja/topics/career,https://nagi.tw/ja/topics/career/,B,same path; host/base redirect only,legacy-url-map.csv
https://notes.nagi.tw/ja/topics/career/,https://nagi.tw/ja/topics/career/,B,same path; host/base redirect only,legacy-url-map.csv
https://notes.nagi.tw/ja/topics/career/index.html,https://nagi.tw/ja/topics/career/,B,explicit static index alias,generated index.html
https://notes.nagi.tw/ja/topics/choices,https://nagi.tw/ja/topics/choices/,B,same path; host/base redirect only,legacy-url-map.csv
https://notes.nagi.tw/ja/topics/choices/,https://nagi.tw/ja/topics/choices/,B,same path; host/base redirect only,legacy-url-map.csv
https://notes.nagi.tw/ja/topics/choices/index.html,https://nagi.tw/ja/topics/choices/,B,explicit static index alias,generated index.html
https://notes.nagi.tw/ja/topics/competition,https://nagi.tw/ja/topics/competition/,B,same path; host/base redirect only,legacy-url-map.csv
https://notes.nagi.tw/ja/topics/competition/,https://nagi.tw/ja/topics/competition/,B,same path; host/base redirect only,legacy-url-map.csv
https://notes.nagi.tw/ja/topics/competition/index.html,https://nagi.tw/ja/topics/competition/,B,explicit static index alias,generated index.html
https://notes.nagi.tw/ja/topics/compliance,https://nagi.tw/ja/topics/compliance/,B,same path; host/base redirect only,legacy-url-map.csv
https://notes.nagi.tw/ja/topics/compliance/,https://nagi.tw/ja/topics/compliance/,B,same path; host/base redirect only,legacy-url-map.csv
https://notes.nagi.tw/ja/topics/compliance/index.html,https://nagi.tw/ja/topics/compliance/,B,explicit static index alias,generated index.html
https://notes.nagi.tw/ja/topics/ctf,https://nagi.tw/ja/topics/ctf/,B,same path; host/base redirect only,legacy-url-map.csv
https://notes.nagi.tw/ja/topics/ctf/,https://nagi.tw/ja/topics/ctf/,B,same path; host/base redirect only,legacy-url-map.csv
https://notes.nagi.tw/ja/topics/ctf/index.html,https://nagi.tw/ja/topics/ctf/,B,explicit static index alias,generated index.html
https://notes.nagi.tw/ja/topics/cybersec,https://nagi.tw/ja/topics/cybersec/,B,same path; host/base redirect only,legacy-url-map.csv
https://notes.nagi.tw/ja/topics/cybersec/,https://nagi.tw/ja/topics/cybersec/,B,same path; host/base redirect only,legacy-url-map.csv
https://notes.nagi.tw/ja/topics/cybersec/index.html,https://nagi.tw/ja/topics/cybersec/,B,explicit static index alias,generated index.html
https://notes.nagi.tw/ja/topics/cybersecurity,https://nagi.tw/ja/topics/cybersecurity/,B,same path; host/base redirect only,legacy-url-map.csv
https://notes.nagi.tw/ja/topics/cybersecurity/,https://nagi.tw/ja/topics/cybersecurity/,B,same path; host/base redirect only,legacy-url-map.csv
https://notes.nagi.tw/ja/topics/cybersecurity/index.html,https://nagi.tw/ja/topics/cybersecurity/,B,explicit static index alias,generated index.html
https://notes.nagi.tw/ja/topics/dfir,https://nagi.tw/ja/topics/dfir/,B,same path; host/base redirect only,legacy-url-map.csv
https://notes.nagi.tw/ja/topics/dfir/,https://nagi.tw/ja/topics/dfir/,B,same path; host/base redirect only,legacy-url-map.csv
https://notes.nagi.tw/ja/topics/dfir/index.html,https://nagi.tw/ja/topics/dfir/,B,explicit static index alias,generated index.html
https://notes.nagi.tw/ja/topics/edge-ai,https://nagi.tw/ja/topics/edge-ai/,B,same path; host/base redirect only,legacy-url-map.csv
https://notes.nagi.tw/ja/topics/edge-ai/,https://nagi.tw/ja/topics/edge-ai/,B,same path; host/base redirect only,legacy-url-map.csv
https://notes.nagi.tw/ja/topics/edge-ai/index.html,https://nagi.tw/ja/topics/edge-ai/,B,explicit static index alias,generated index.html
https://notes.nagi.tw/ja/topics/embedded,https://nagi.tw/ja/topics/embedded/,B,allowlisted same-path domain cutover,dist / public inventory
https://notes.nagi.tw/ja/topics/embedded/,https://nagi.tw/ja/topics/embedded/,B,allowlisted same-path domain cutover,dist / public inventory
https://notes.nagi.tw/ja/topics/embedded/index.html,https://nagi.tw/ja/topics/embedded/,B,explicit static index alias,generated index.html
https://notes.nagi.tw/ja/topics/engineering,https://nagi.tw/ja/topics/engineering/,B,same path; host/base redirect only,legacy-url-map.csv
https://notes.nagi.tw/ja/topics/engineering/,https://nagi.tw/ja/topics/engineering/,B,same path; host/base redirect only,legacy-url-map.csv
https://notes.nagi.tw/ja/topics/engineering/index.html,https://nagi.tw/ja/topics/engineering/,B,explicit static index alias,generated index.html
https://notes.nagi.tw/ja/topics/financial-security,https://nagi.tw/ja/topics/financial-security/,B,same path; host/base redirect only,legacy-url-map.csv
https://notes.nagi.tw/ja/topics/financial-security/,https://nagi.tw/ja/topics/financial-security/,B,same path; host/base redirect only,legacy-url-map.csv
https://notes.nagi.tw/ja/topics/financial-security/index.html,https://nagi.tw/ja/topics/financial-security/,B,explicit static index alias,generated index.html
https://notes.nagi.tw/ja/topics/frc,https://nagi.tw/ja/topics/frc/,B,same path; host/base redirect only,legacy-url-map.csv
https://notes.nagi.tw/ja/topics/frc/,https://nagi.tw/ja/topics/frc/,B,same path; host/base redirect only,legacy-url-map.csv
https://notes.nagi.tw/ja/topics/frc/index.html,https://nagi.tw/ja/topics/frc/,B,explicit static index alias,generated index.html
https://notes.nagi.tw/ja/topics/future,https://nagi.tw/ja/topics/future/,B,same path; host/base redirect only,legacy-url-map.csv
https://notes.nagi.tw/ja/topics/future/,https://nagi.tw/ja/topics/future/,B,same path; host/base redirect only,legacy-url-map.csv
https://notes.nagi.tw/ja/topics/future/index.html,https://nagi.tw/ja/topics/future/,B,explicit static index alias,generated index.html
https://notes.nagi.tw/ja/topics/growth,https://nagi.tw/ja/topics/growth/,B,same path; host/base redirect only,legacy-url-map.csv
https://notes.nagi.tw/ja/topics/growth/,https://nagi.tw/ja/topics/growth/,B,same path; host/base redirect only,legacy-url-map.csv
https://notes.nagi.tw/ja/topics/growth/index.html,https://nagi.tw/ja/topics/growth/,B,explicit static index alias,generated index.html
https://notes.nagi.tw/ja/topics/healthcare,https://nagi.tw/ja/topics/healthcare/,B,same path; host/base redirect only,legacy-url-map.csv
https://notes.nagi.tw/ja/topics/healthcare-medical-iot,https://nagi.tw/ja/topics/healthcare-medical-iot/,B,same path; host/base redirect only,legacy-url-map.csv
https://notes.nagi.tw/ja/topics/healthcare-medical-iot/,https://nagi.tw/ja/topics/healthcare-medical-iot/,B,same path; host/base redirect only,legacy-url-map.csv
https://notes.nagi.tw/ja/topics/healthcare-medical-iot/index.html,https://nagi.tw/ja/topics/healthcare-medical-iot/,B,explicit static index alias,generated index.html
https://notes.nagi.tw/ja/topics/healthcare/,https://nagi.tw/ja/topics/healthcare/,B,same path; host/base redirect only,legacy-url-map.csv
https://notes.nagi.tw/ja/topics/healthcare/index.html,https://nagi.tw/ja/topics/healthcare/,B,explicit static index alias,generated index.html
https://notes.nagi.tw/ja/topics/high-school-life,https://nagi.tw/ja/topics/high-school-life/,B,same path; host/base redirect only,legacy-url-map.csv
https://notes.nagi.tw/ja/topics/high-school-life/,https://nagi.tw/ja/topics/high-school-life/,B,same path; host/base redirect only,legacy-url-map.csv
https://notes.nagi.tw/ja/topics/high-school-life/index.html,https://nagi.tw/ja/topics/high-school-life/,B,explicit static index alias,generated index.html
https://notes.nagi.tw/ja/topics/homelab,https://nagi.tw/ja/topics/homelab/,B,same path; host/base redirect only,legacy-url-map.csv
https://notes.nagi.tw/ja/topics/homelab/,https://nagi.tw/ja/topics/homelab/,B,same path; host/base redirect only,legacy-url-map.csv
https://notes.nagi.tw/ja/topics/homelab/index.html,https://nagi.tw/ja/topics/homelab/,B,explicit static index alias,generated index.html
https://notes.nagi.tw/ja/topics/incident-response,https://nagi.tw/ja/topics/incident-response/,B,same path; host/base redirect only,legacy-url-map.csv
https://notes.nagi.tw/ja/topics/incident-response/,https://nagi.tw/ja/topics/incident-response/,B,same path; host/base redirect only,legacy-url-map.csv
https://notes.nagi.tw/ja/topics/incident-response/index.html,https://nagi.tw/ja/topics/incident-response/,B,explicit static index alias,generated index.html
https://notes.nagi.tw/ja/topics/index.html,https://nagi.tw/ja/topics/,B,explicit static index alias,generated index.html
https://notes.nagi.tw/ja/topics/infosec-taiwan,https://nagi.tw/ja/topics/infosec-taiwan/,B,same path; host/base redirect only,legacy-url-map.csv
https://notes.nagi.tw/ja/topics/infosec-taiwan/,https://nagi.tw/ja/topics/infosec-taiwan/,B,same path; host/base redirect only,legacy-url-map.csv
https://notes.nagi.tw/ja/topics/infosec-taiwan/index.html,https://nagi.tw/ja/topics/infosec-taiwan/,B,explicit static index alias,generated index.html
https://notes.nagi.tw/ja/topics/introduction,https://nagi.tw/ja/topics/introduction/,B,same path; host/base redirect only,legacy-url-map.csv
https://notes.nagi.tw/ja/topics/introduction/,https://nagi.tw/ja/topics/introduction/,B,same path; host/base redirect only,legacy-url-map.csv
https://notes.nagi.tw/ja/topics/introduction/index.html,https://nagi.tw/ja/topics/introduction/,B,explicit static index alias,generated index.html
https://notes.nagi.tw/ja/topics/journey,https://nagi.tw/ja/topics/journey/,B,same path; host/base redirect only,legacy-url-map.csv
https://notes.nagi.tw/ja/topics/journey/,https://nagi.tw/ja/topics/journey/,B,same path; host/base redirect only,legacy-url-map.csv
https://notes.nagi.tw/ja/topics/journey/index.html,https://nagi.tw/ja/topics/journey/,B,explicit static index alias,generated index.html
https://notes.nagi.tw/ja/topics/life,https://nagi.tw/ja/topics/life/,B,allowlisted same-path domain cutover,dist / public inventory
https://notes.nagi.tw/ja/topics/life/,https://nagi.tw/ja/topics/life/,B,allowlisted same-path domain cutover,dist / public inventory
https://notes.nagi.tw/ja/topics/life/index.html,https://nagi.tw/ja/topics/life/,B,explicit static index alias,generated index.html
https://notes.nagi.tw/ja/topics/malware-analysis,https://nagi.tw/ja/topics/malware-analysis/,B,same path; host/base redirect only,legacy-url-map.csv
https://notes.nagi.tw/ja/topics/malware-analysis/,https://nagi.tw/ja/topics/malware-analysis/,B,same path; host/base redirect only,legacy-url-map.csv
https://notes.nagi.tw/ja/topics/malware-analysis/index.html,https://nagi.tw/ja/topics/malware-analysis/,B,explicit static index alias,generated index.html
https://notes.nagi.tw/ja/topics/medical,https://nagi.tw/ja/topics/medical/,B,allowlisted same-path domain cutover,dist / public inventory
https://notes.nagi.tw/ja/topics/medical-cybersecurity,https://nagi.tw/ja/topics/medical-cybersecurity/,B,same path; host/base redirect only,legacy-url-map.csv
https://notes.nagi.tw/ja/topics/medical-cybersecurity/,https://nagi.tw/ja/topics/medical-cybersecurity/,B,same path; host/base redirect only,legacy-url-map.csv
https://notes.nagi.tw/ja/topics/medical-cybersecurity/index.html,https://nagi.tw/ja/topics/medical-cybersecurity/,B,explicit static index alias,generated index.html
https://notes.nagi.tw/ja/topics/medical/,https://nagi.tw/ja/topics/medical/,B,allowlisted same-path domain cutover,dist / public inventory
https://notes.nagi.tw/ja/topics/medical/index.html,https://nagi.tw/ja/topics/medical/,B,explicit static index alias,generated index.html
https://notes.nagi.tw/ja/topics/memories,https://nagi.tw/ja/topics/memories/,B,same path; host/base redirect only,legacy-url-map.csv
https://notes.nagi.tw/ja/topics/memories/,https://nagi.tw/ja/topics/memories/,B,same path; host/base redirect only,legacy-url-map.csv
https://notes.nagi.tw/ja/topics/memories/index.html,https://nagi.tw/ja/topics/memories/,B,explicit static index alias,generated index.html
https://notes.nagi.tw/ja/topics/my-story,https://nagi.tw/ja/topics/my-story/,B,same path; host/base redirect only,legacy-url-map.csv
https://notes.nagi.tw/ja/topics/my-story/,https://nagi.tw/ja/topics/my-story/,B,same path; host/base redirect only,legacy-url-map.csv
https://notes.nagi.tw/ja/topics/my-story/index.html,https://nagi.tw/ja/topics/my-story/,B,explicit static index alias,generated index.html
https://notes.nagi.tw/ja/topics/ot-security,https://nagi.tw/ja/topics/ot-security/,B,same path; host/base redirect only,legacy-url-map.csv
https://notes.nagi.tw/ja/topics/ot-security/,https://nagi.tw/ja/topics/ot-security/,B,same path; host/base redirect only,legacy-url-map.csv
https://notes.nagi.tw/ja/topics/ot-security/index.html,https://nagi.tw/ja/topics/ot-security/,B,explicit static index alias,generated index.html
https://notes.nagi.tw/ja/topics/personal,https://nagi.tw/ja/topics/personal/,B,same path; host/base redirect only,legacy-url-map.csv
https://notes.nagi.tw/ja/topics/personal/,https://nagi.tw/ja/topics/personal/,B,same path; host/base redirect only,legacy-url-map.csv
https://notes.nagi.tw/ja/topics/personal/index.html,https://nagi.tw/ja/topics/personal/,B,explicit static index alias,generated index.html
https://notes.nagi.tw/ja/topics/post-quantum-cryptography,https://nagi.tw/ja/topics/post-quantum-cryptography/,B,same path; host/base redirect only,legacy-url-map.csv
https://notes.nagi.tw/ja/topics/post-quantum-cryptography/,https://nagi.tw/ja/topics/post-quantum-cryptography/,B,same path; host/base redirect only,legacy-url-map.csv
https://notes.nagi.tw/ja/topics/post-quantum-cryptography/index.html,https://nagi.tw/ja/topics/post-quantum-cryptography/,B,explicit static index alias,generated index.html
https://notes.nagi.tw/ja/topics/projects,https://nagi.tw/ja/topics/projects/,B,same path; host/base redirect only,legacy-url-map.csv
https://notes.nagi.tw/ja/topics/projects/,https://nagi.tw/ja/topics/projects/,B,same path; host/base redirect only,legacy-url-map.csv
https://notes.nagi.tw/ja/topics/projects/index.html,https://nagi.tw/ja/topics/projects/,B,explicit static index alias,generated index.html
https://notes.nagi.tw/ja/topics/raspberry-pi,https://nagi.tw/ja/topics/raspberry-pi/,B,same path; host/base redirect only,legacy-url-map.csv
https://notes.nagi.tw/ja/topics/raspberry-pi/,https://nagi.tw/ja/topics/raspberry-pi/,B,same path; host/base redirect only,legacy-url-map.csv
https://notes.nagi.tw/ja/topics/raspberry-pi/index.html,https://nagi.tw/ja/topics/raspberry-pi/,B,explicit static index alias,generated index.html
https://notes.nagi.tw/ja/topics/reflection,https://nagi.tw/ja/topics/reflection/,B,same path; host/base redirect only,legacy-url-map.csv
https://notes.nagi.tw/ja/topics/reflection/,https://nagi.tw/ja/topics/reflection/,B,same path; host/base redirect only,legacy-url-map.csv
https://notes.nagi.tw/ja/topics/reflection/index.html,https://nagi.tw/ja/topics/reflection/,B,explicit static index alias,generated index.html
https://notes.nagi.tw/ja/topics/research,https://nagi.tw/ja/topics/research/,B,same path; host/base redirect only,legacy-url-map.csv
https://notes.nagi.tw/ja/topics/research/,https://nagi.tw/ja/topics/research/,B,same path; host/base redirect only,legacy-url-map.csv
https://notes.nagi.tw/ja/topics/research/index.html,https://nagi.tw/ja/topics/research/,B,explicit static index alias,generated index.html
https://notes.nagi.tw/ja/topics/responsible-security-culture,https://nagi.tw/ja/topics/responsible-security-culture/,B,same path; host/base redirect only,legacy-url-map.csv
https://notes.nagi.tw/ja/topics/responsible-security-culture/,https://nagi.tw/ja/topics/responsible-security-culture/,B,same path; host/base redirect only,legacy-url-map.csv
https://notes.nagi.tw/ja/topics/responsible-security-culture/index.html,https://nagi.tw/ja/topics/responsible-security-culture/,B,explicit static index alias,generated index.html
https://notes.nagi.tw/ja/topics/retail,https://nagi.tw/ja/topics/retail/,B,same path; host/base redirect only,legacy-url-map.csv
https://notes.nagi.tw/ja/topics/retail/,https://nagi.tw/ja/topics/retail/,B,same path; host/base redirect only,legacy-url-map.csv
https://notes.nagi.tw/ja/topics/retail/index.html,https://nagi.tw/ja/topics/retail/,B,explicit static index alias,generated index.html
https://notes.nagi.tw/ja/topics/robotics,https://nagi.tw/ja/topics/robotics/,B,same path; host/base redirect only,legacy-url-map.csv
https://notes.nagi.tw/ja/topics/robotics/,https://nagi.tw/ja/topics/robotics/,B,same path; host/base redirect only,legacy-url-map.csv
https://notes.nagi.tw/ja/topics/robotics/index.html,https://nagi.tw/ja/topics/robotics/,B,explicit static index alias,generated index.html
https://notes.nagi.tw/ja/topics/security,https://nagi.tw/ja/topics/security/,B,same path; host/base redirect only,legacy-url-map.csv
https://notes.nagi.tw/ja/topics/security-culture,https://nagi.tw/ja/topics/security-culture/,B,same path; host/base redirect only,legacy-url-map.csv
https://notes.nagi.tw/ja/topics/security-culture/,https://nagi.tw/ja/topics/security-culture/,B,same path; host/base redirect only,legacy-url-map.csv
https://notes.nagi.tw/ja/topics/security-culture/index.html,https://nagi.tw/ja/topics/security-culture/,B,explicit static index alias,generated index.html
https://notes.nagi.tw/ja/topics/security/,https://nagi.tw/ja/topics/security/,B,same path; host/base redirect only,legacy-url-map.csv
https://notes.nagi.tw/ja/topics/security/index.html,https://nagi.tw/ja/topics/security/,B,explicit static index alias,generated index.html
https://notes.nagi.tw/ja/topics/sme-security,https://nagi.tw/ja/topics/sme-security/,B,same path; host/base redirect only,legacy-url-map.csv
https://notes.nagi.tw/ja/topics/sme-security/,https://nagi.tw/ja/topics/sme-security/,B,same path; host/base redirect only,legacy-url-map.csv
https://notes.nagi.tw/ja/topics/sme-security/index.html,https://nagi.tw/ja/topics/sme-security/,B,explicit static index alias,generated index.html
https://notes.nagi.tw/ja/topics/soc,https://nagi.tw/ja/topics/soc/,B,same path; host/base redirect only,legacy-url-map.csv
https://notes.nagi.tw/ja/topics/soc/,https://nagi.tw/ja/topics/soc/,B,same path; host/base redirect only,legacy-url-map.csv
https://notes.nagi.tw/ja/topics/soc/index.html,https://nagi.tw/ja/topics/soc/,B,explicit static index alias,generated index.html
https://notes.nagi.tw/ja/topics/students,https://nagi.tw/ja/topics/students/,B,same path; host/base redirect only,legacy-url-map.csv
https://notes.nagi.tw/ja/topics/students/,https://nagi.tw/ja/topics/students/,B,same path; host/base redirect only,legacy-url-map.csv
https://notes.nagi.tw/ja/topics/students/index.html,https://nagi.tw/ja/topics/students/,B,explicit static index alias,generated index.html
https://notes.nagi.tw/ja/topics/systems,https://nagi.tw/ja/topics/systems/,B,allowlisted same-path domain cutover,dist / public inventory
https://notes.nagi.tw/ja/topics/systems/,https://nagi.tw/ja/topics/systems/,B,allowlisted same-path domain cutover,dist / public inventory
https://notes.nagi.tw/ja/topics/systems/index.html,https://nagi.tw/ja/topics/systems/,B,explicit static index alias,generated index.html
https://notes.nagi.tw/ja/topics/windows-forensics,https://nagi.tw/ja/topics/windows-forensics/,B,same path; host/base redirect only,legacy-url-map.csv
https://notes.nagi.tw/ja/topics/windows-forensics/,https://nagi.tw/ja/topics/windows-forensics/,B,same path; host/base redirect only,legacy-url-map.csv
https://notes.nagi.tw/ja/topics/windows-forensics/index.html,https://nagi.tw/ja/topics/windows-forensics/,B,explicit static index alias,generated index.html
https://notes.nagi.tw/ja/topics/windows-malware,https://nagi.tw/ja/topics/windows-malware/,B,same path; host/base redirect only,legacy-url-map.csv
https://notes.nagi.tw/ja/topics/windows-malware/,https://nagi.tw/ja/topics/windows-malware/,B,same path; host/base redirect only,legacy-url-map.csv
https://notes.nagi.tw/ja/topics/windows-malware/index.html,https://nagi.tw/ja/topics/windows-malware/,B,explicit static index alias,generated index.html
https://notes.nagi.tw/ja/topics/wireshark,https://nagi.tw/ja/topics/wireshark/,B,same path; host/base redirect only,legacy-url-map.csv
https://notes.nagi.tw/ja/topics/wireshark/,https://nagi.tw/ja/topics/wireshark/,B,same path; host/base redirect only,legacy-url-map.csv
https://notes.nagi.tw/ja/topics/wireshark/index.html,https://nagi.tw/ja/topics/wireshark/,B,explicit static index alias,generated index.html
https://notes.nagi.tw/ja/topics/zero-trust,https://nagi.tw/ja/topics/zero-trust/,B,same path; host/base redirect only,legacy-url-map.csv
https://notes.nagi.tw/ja/topics/zero-trust/,https://nagi.tw/ja/topics/zero-trust/,B,same path; host/base redirect only,legacy-url-map.csv
https://notes.nagi.tw/ja/topics/zero-trust/index.html,https://nagi.tw/ja/topics/zero-trust/,B,explicit static index alias,generated index.html
https://notes.nagi.tw/nagi-penguin.svg,https://nagi.tw/nagi-penguin.svg,B,allowlisted same-path domain cutover,dist / public inventory
https://notes.nagi.tw/projects,https://nagi.tw/projects/,B,allowlisted same-path domain cutover,dist / public inventory
https://notes.nagi.tw/projects/,https://nagi.tw/projects/,B,allowlisted same-path domain cutover,dist / public inventory
https://notes.nagi.tw/projects/index.html,https://nagi.tw/projects/,B,explicit static index alias,generated index.html
https://notes.nagi.tw/research,https://nagi.tw/research/,B,allowlisted same-path domain cutover,dist / public inventory
https://notes.nagi.tw/research/,https://nagi.tw/research/,B,allowlisted same-path domain cutover,dist / public inventory
https://notes.nagi.tw/research/index.html,https://nagi.tw/research/,B,explicit static index alias,generated index.html
https://notes.nagi.tw/robots.txt,https://nagi.tw/robots.txt,B,same path; host/base redirect only,legacy-url-map.csv
https://notes.nagi.tw/rss.xml,https://nagi.tw/rss.xml,B,same path; host/base redirect only,legacy-url-map.csv
https://notes.nagi.tw/search-index.json,https://nagi.tw/search-index.json,B,same path; host/base redirect only,legacy-url-map.csv
https://notes.nagi.tw/sitemap-0.xml,https://nagi.tw/sitemap-0.xml,B,same path; host/base redirect only,legacy-url-map.csv
https://notes.nagi.tw/sitemap-index.xml,https://nagi.tw/sitemap-index.xml,B,same path; host/base redirect only,legacy-url-map.csv
https://notes.nagi.tw/topics,https://nagi.tw/topics/,B,same path; host/base redirect only,legacy-url-map.csv
https://notes.nagi.tw/topics/,https://nagi.tw/topics/,B,same path; host/base redirect only,legacy-url-map.csv
https://notes.nagi.tw/topics/%E8%BF%91%E6%B3%81,https://nagi.tw/topics/%E8%BF%91%E6%B3%81/,B,same path; host/base redirect only,legacy-url-map.csv
https://notes.nagi.tw/topics/%E8%BF%91%E6%B3%81/,https://nagi.tw/topics/%E8%BF%91%E6%B3%81/,B,same path; host/base redirect only,legacy-url-map.csv
https://notes.nagi.tw/topics/%E8%BF%91%E6%B3%81/index.html,https://nagi.tw/topics/%E8%BF%91%E6%B3%81/,B,explicit static index alias,generated index.html
https://notes.nagi.tw/topics/2026-cybersecurity-conference,https://nagi.tw/topics/2026-cybersecurity-conference/,B,same path; host/base redirect only,legacy-url-map.csv
https://notes.nagi.tw/topics/2026-cybersecurity-conference/,https://nagi.tw/topics/2026-cybersecurity-conference/,B,same path; host/base redirect only,legacy-url-map.csv
https://notes.nagi.tw/topics/2026-cybersecurity-conference/index.html,https://nagi.tw/topics/2026-cybersecurity-conference/,B,explicit static index alias,generated index.html
https://notes.nagi.tw/topics/activities,https://nagi.tw/topics/activities/,B,allowlisted same-path domain cutover,dist / public inventory
https://notes.nagi.tw/topics/activities/,https://nagi.tw/topics/activities/,B,allowlisted same-path domain cutover,dist / public inventory
https://notes.nagi.tw/topics/activities/index.html,https://nagi.tw/topics/activities/,B,explicit static index alias,generated index.html
https://notes.nagi.tw/topics/ai,https://nagi.tw/topics/ai/,B,same path; host/base redirect only,legacy-url-map.csv
https://notes.nagi.tw/topics/ai-security,https://nagi.tw/topics/ai-security/,B,same path; host/base redirect only,legacy-url-map.csv
https://notes.nagi.tw/topics/ai-security/,https://nagi.tw/topics/ai-security/,B,same path; host/base redirect only,legacy-url-map.csv
https://notes.nagi.tw/topics/ai-security/index.html,https://nagi.tw/topics/ai-security/,B,explicit static index alias,generated index.html
https://notes.nagi.tw/topics/ai-soc,https://nagi.tw/topics/ai-soc/,B,same path; host/base redirect only,legacy-url-map.csv
https://notes.nagi.tw/topics/ai-soc/,https://nagi.tw/topics/ai-soc/,B,same path; host/base redirect only,legacy-url-map.csv
https://notes.nagi.tw/topics/ai-soc/index.html,https://nagi.tw/topics/ai-soc/,B,explicit static index alias,generated index.html
https://notes.nagi.tw/topics/ai/,https://nagi.tw/topics/ai/,B,same path; host/base redirect only,legacy-url-map.csv
https://notes.nagi.tw/topics/ai/index.html,https://nagi.tw/topics/ai/,B,explicit static index alias,generated index.html
https://notes.nagi.tw/topics/blue-team,https://nagi.tw/topics/blue-team/,B,same path; host/base redirect only,legacy-url-map.csv
https://notes.nagi.tw/topics/blue-team/,https://nagi.tw/topics/blue-team/,B,same path; host/base redirect only,legacy-url-map.csv
https://notes.nagi.tw/topics/blue-team/index.html,https://nagi.tw/topics/blue-team/,B,explicit static index alias,generated index.html
https://notes.nagi.tw/topics/career,https://nagi.tw/topics/career/,B,same path; host/base redirect only,legacy-url-map.csv
https://notes.nagi.tw/topics/career/,https://nagi.tw/topics/career/,B,same path; host/base redirect only,legacy-url-map.csv
https://notes.nagi.tw/topics/career/index.html,https://nagi.tw/topics/career/,B,explicit static index alias,generated index.html
https://notes.nagi.tw/topics/choices,https://nagi.tw/topics/choices/,B,same path; host/base redirect only,legacy-url-map.csv
https://notes.nagi.tw/topics/choices/,https://nagi.tw/topics/choices/,B,same path; host/base redirect only,legacy-url-map.csv
https://notes.nagi.tw/topics/choices/index.html,https://nagi.tw/topics/choices/,B,explicit static index alias,generated index.html
https://notes.nagi.tw/topics/competition,https://nagi.tw/topics/competition/,B,same path; host/base redirect only,legacy-url-map.csv
https://notes.nagi.tw/topics/competition/,https://nagi.tw/topics/competition/,B,same path; host/base redirect only,legacy-url-map.csv
https://notes.nagi.tw/topics/competition/index.html,https://nagi.tw/topics/competition/,B,explicit static index alias,generated index.html
https://notes.nagi.tw/topics/compliance,https://nagi.tw/topics/compliance/,B,same path; host/base redirect only,legacy-url-map.csv
https://notes.nagi.tw/topics/compliance/,https://nagi.tw/topics/compliance/,B,same path; host/base redirect only,legacy-url-map.csv
https://notes.nagi.tw/topics/compliance/index.html,https://nagi.tw/topics/compliance/,B,explicit static index alias,generated index.html
https://notes.nagi.tw/topics/ctf,https://nagi.tw/topics/ctf/,B,same path; host/base redirect only,legacy-url-map.csv
https://notes.nagi.tw/topics/ctf/,https://nagi.tw/topics/ctf/,B,same path; host/base redirect only,legacy-url-map.csv
https://notes.nagi.tw/topics/ctf/index.html,https://nagi.tw/topics/ctf/,B,explicit static index alias,generated index.html
https://notes.nagi.tw/topics/cybersec,https://nagi.tw/topics/cybersec/,B,same path; host/base redirect only,legacy-url-map.csv
https://notes.nagi.tw/topics/cybersec/,https://nagi.tw/topics/cybersec/,B,same path; host/base redirect only,legacy-url-map.csv
https://notes.nagi.tw/topics/cybersec/index.html,https://nagi.tw/topics/cybersec/,B,explicit static index alias,generated index.html
https://notes.nagi.tw/topics/cybersecurity,https://nagi.tw/topics/cybersecurity/,B,same path; host/base redirect only,legacy-url-map.csv
https://notes.nagi.tw/topics/cybersecurity/,https://nagi.tw/topics/cybersecurity/,B,same path; host/base redirect only,legacy-url-map.csv
https://notes.nagi.tw/topics/cybersecurity/index.html,https://nagi.tw/topics/cybersecurity/,B,explicit static index alias,generated index.html
https://notes.nagi.tw/topics/dfir,https://nagi.tw/topics/dfir/,B,same path; host/base redirect only,legacy-url-map.csv
https://notes.nagi.tw/topics/dfir/,https://nagi.tw/topics/dfir/,B,same path; host/base redirect only,legacy-url-map.csv
https://notes.nagi.tw/topics/dfir/index.html,https://nagi.tw/topics/dfir/,B,explicit static index alias,generated index.html
https://notes.nagi.tw/topics/edge-ai,https://nagi.tw/topics/edge-ai/,B,same path; host/base redirect only,legacy-url-map.csv
https://notes.nagi.tw/topics/edge-ai/,https://nagi.tw/topics/edge-ai/,B,same path; host/base redirect only,legacy-url-map.csv
https://notes.nagi.tw/topics/edge-ai/index.html,https://nagi.tw/topics/edge-ai/,B,explicit static index alias,generated index.html
https://notes.nagi.tw/topics/embedded,https://nagi.tw/topics/embedded/,B,allowlisted same-path domain cutover,dist / public inventory
https://notes.nagi.tw/topics/embedded/,https://nagi.tw/topics/embedded/,B,allowlisted same-path domain cutover,dist / public inventory
https://notes.nagi.tw/topics/embedded/index.html,https://nagi.tw/topics/embedded/,B,explicit static index alias,generated index.html
https://notes.nagi.tw/topics/engineering,https://nagi.tw/topics/engineering/,B,same path; host/base redirect only,legacy-url-map.csv
https://notes.nagi.tw/topics/engineering/,https://nagi.tw/topics/engineering/,B,same path; host/base redirect only,legacy-url-map.csv
https://notes.nagi.tw/topics/engineering/index.html,https://nagi.tw/topics/engineering/,B,explicit static index alias,generated index.html
https://notes.nagi.tw/topics/financial-security,https://nagi.tw/topics/financial-security/,B,same path; host/base redirect only,legacy-url-map.csv
https://notes.nagi.tw/topics/financial-security/,https://nagi.tw/topics/financial-security/,B,same path; host/base redirect only,legacy-url-map.csv
https://notes.nagi.tw/topics/financial-security/index.html,https://nagi.tw/topics/financial-security/,B,explicit static index alias,generated index.html
https://notes.nagi.tw/topics/frc,https://nagi.tw/topics/frc/,B,same path; host/base redirect only,legacy-url-map.csv
https://notes.nagi.tw/topics/frc/,https://nagi.tw/topics/frc/,B,same path; host/base redirect only,legacy-url-map.csv
https://notes.nagi.tw/topics/frc/index.html,https://nagi.tw/topics/frc/,B,explicit static index alias,generated index.html
https://notes.nagi.tw/topics/future,https://nagi.tw/topics/future/,B,same path; host/base redirect only,legacy-url-map.csv
https://notes.nagi.tw/topics/future/,https://nagi.tw/topics/future/,B,same path; host/base redirect only,legacy-url-map.csv
https://notes.nagi.tw/topics/future/index.html,https://nagi.tw/topics/future/,B,explicit static index alias,generated index.html
https://notes.nagi.tw/topics/growth,https://nagi.tw/topics/growth/,B,same path; host/base redirect only,legacy-url-map.csv
https://notes.nagi.tw/topics/growth/,https://nagi.tw/topics/growth/,B,same path; host/base redirect only,legacy-url-map.csv
https://notes.nagi.tw/topics/growth/index.html,https://nagi.tw/topics/growth/,B,explicit static index alias,generated index.html
https://notes.nagi.tw/topics/healthcare,https://nagi.tw/topics/healthcare/,B,same path; host/base redirect only,legacy-url-map.csv
https://notes.nagi.tw/topics/healthcare-medical-iot,https://nagi.tw/topics/healthcare-medical-iot/,B,same path; host/base redirect only,legacy-url-map.csv
https://notes.nagi.tw/topics/healthcare-medical-iot/,https://nagi.tw/topics/healthcare-medical-iot/,B,same path; host/base redirect only,legacy-url-map.csv
https://notes.nagi.tw/topics/healthcare-medical-iot/index.html,https://nagi.tw/topics/healthcare-medical-iot/,B,explicit static index alias,generated index.html
https://notes.nagi.tw/topics/healthcare/,https://nagi.tw/topics/healthcare/,B,same path; host/base redirect only,legacy-url-map.csv
https://notes.nagi.tw/topics/healthcare/index.html,https://nagi.tw/topics/healthcare/,B,explicit static index alias,generated index.html
https://notes.nagi.tw/topics/high-school-life,https://nagi.tw/topics/high-school-life/,B,same path; host/base redirect only,legacy-url-map.csv
https://notes.nagi.tw/topics/high-school-life/,https://nagi.tw/topics/high-school-life/,B,same path; host/base redirect only,legacy-url-map.csv
https://notes.nagi.tw/topics/high-school-life/index.html,https://nagi.tw/topics/high-school-life/,B,explicit static index alias,generated index.html
https://notes.nagi.tw/topics/homelab,https://nagi.tw/topics/homelab/,B,same path; host/base redirect only,legacy-url-map.csv
https://notes.nagi.tw/topics/homelab/,https://nagi.tw/topics/homelab/,B,same path; host/base redirect only,legacy-url-map.csv
https://notes.nagi.tw/topics/homelab/index.html,https://nagi.tw/topics/homelab/,B,explicit static index alias,generated index.html
https://notes.nagi.tw/topics/incident-response,https://nagi.tw/topics/incident-response/,B,same path; host/base redirect only,legacy-url-map.csv
https://notes.nagi.tw/topics/incident-response/,https://nagi.tw/topics/incident-response/,B,same path; host/base redirect only,legacy-url-map.csv
https://notes.nagi.tw/topics/incident-response/index.html,https://nagi.tw/topics/incident-response/,B,explicit static index alias,generated index.html
https://notes.nagi.tw/topics/index.html,https://nagi.tw/topics/,B,explicit static index alias,generated index.html
https://notes.nagi.tw/topics/infosec-taiwan,https://nagi.tw/topics/infosec-taiwan/,B,same path; host/base redirect only,legacy-url-map.csv
https://notes.nagi.tw/topics/infosec-taiwan/,https://nagi.tw/topics/infosec-taiwan/,B,same path; host/base redirect only,legacy-url-map.csv
https://notes.nagi.tw/topics/infosec-taiwan/index.html,https://nagi.tw/topics/infosec-taiwan/,B,explicit static index alias,generated index.html
https://notes.nagi.tw/topics/introduction,https://nagi.tw/topics/introduction/,B,same path; host/base redirect only,legacy-url-map.csv
https://notes.nagi.tw/topics/introduction/,https://nagi.tw/topics/introduction/,B,same path; host/base redirect only,legacy-url-map.csv
https://notes.nagi.tw/topics/introduction/index.html,https://nagi.tw/topics/introduction/,B,explicit static index alias,generated index.html
https://notes.nagi.tw/topics/journey,https://nagi.tw/topics/journey/,B,same path; host/base redirect only,legacy-url-map.csv
https://notes.nagi.tw/topics/journey/,https://nagi.tw/topics/journey/,B,same path; host/base redirect only,legacy-url-map.csv
https://notes.nagi.tw/topics/journey/index.html,https://nagi.tw/topics/journey/,B,explicit static index alias,generated index.html
https://notes.nagi.tw/topics/life,https://nagi.tw/topics/life/,B,allowlisted same-path domain cutover,dist / public inventory
https://notes.nagi.tw/topics/life/,https://nagi.tw/topics/life/,B,allowlisted same-path domain cutover,dist / public inventory
https://notes.nagi.tw/topics/life/index.html,https://nagi.tw/topics/life/,B,explicit static index alias,generated index.html
https://notes.nagi.tw/topics/malware-analysis,https://nagi.tw/topics/malware-analysis/,B,same path; host/base redirect only,legacy-url-map.csv
https://notes.nagi.tw/topics/malware-analysis/,https://nagi.tw/topics/malware-analysis/,B,same path; host/base redirect only,legacy-url-map.csv
https://notes.nagi.tw/topics/malware-analysis/index.html,https://nagi.tw/topics/malware-analysis/,B,explicit static index alias,generated index.html
https://notes.nagi.tw/topics/medical,https://nagi.tw/topics/medical/,B,allowlisted same-path domain cutover,dist / public inventory
https://notes.nagi.tw/topics/medical-cybersecurity,https://nagi.tw/topics/medical-cybersecurity/,B,same path; host/base redirect only,legacy-url-map.csv
https://notes.nagi.tw/topics/medical-cybersecurity/,https://nagi.tw/topics/medical-cybersecurity/,B,same path; host/base redirect only,legacy-url-map.csv
https://notes.nagi.tw/topics/medical-cybersecurity/index.html,https://nagi.tw/topics/medical-cybersecurity/,B,explicit static index alias,generated index.html
https://notes.nagi.tw/topics/medical/,https://nagi.tw/topics/medical/,B,allowlisted same-path domain cutover,dist / public inventory
https://notes.nagi.tw/topics/medical/index.html,https://nagi.tw/topics/medical/,B,explicit static index alias,generated index.html
https://notes.nagi.tw/topics/memories,https://nagi.tw/topics/memories/,B,same path; host/base redirect only,legacy-url-map.csv
https://notes.nagi.tw/topics/memories/,https://nagi.tw/topics/memories/,B,same path; host/base redirect only,legacy-url-map.csv
https://notes.nagi.tw/topics/memories/index.html,https://nagi.tw/topics/memories/,B,explicit static index alias,generated index.html
https://notes.nagi.tw/topics/my-story,https://nagi.tw/topics/my-story/,B,same path; host/base redirect only,legacy-url-map.csv
https://notes.nagi.tw/topics/my-story/,https://nagi.tw/topics/my-story/,B,same path; host/base redirect only,legacy-url-map.csv
https://notes.nagi.tw/topics/my-story/index.html,https://nagi.tw/topics/my-story/,B,explicit static index alias,generated index.html
https://notes.nagi.tw/topics/ot-security,https://nagi.tw/topics/ot-security/,B,same path; host/base redirect only,legacy-url-map.csv
https://notes.nagi.tw/topics/ot-security/,https://nagi.tw/topics/ot-security/,B,same path; host/base redirect only,legacy-url-map.csv
https://notes.nagi.tw/topics/ot-security/index.html,https://nagi.tw/topics/ot-security/,B,explicit static index alias,generated index.html
https://notes.nagi.tw/topics/personal,https://nagi.tw/topics/personal/,B,same path; host/base redirect only,legacy-url-map.csv
https://notes.nagi.tw/topics/personal/,https://nagi.tw/topics/personal/,B,same path; host/base redirect only,legacy-url-map.csv
https://notes.nagi.tw/topics/personal/index.html,https://nagi.tw/topics/personal/,B,explicit static index alias,generated index.html
https://notes.nagi.tw/topics/post-quantum-cryptography,https://nagi.tw/topics/post-quantum-cryptography/,B,same path; host/base redirect only,legacy-url-map.csv
https://notes.nagi.tw/topics/post-quantum-cryptography/,https://nagi.tw/topics/post-quantum-cryptography/,B,same path; host/base redirect only,legacy-url-map.csv
https://notes.nagi.tw/topics/post-quantum-cryptography/index.html,https://nagi.tw/topics/post-quantum-cryptography/,B,explicit static index alias,generated index.html
https://notes.nagi.tw/topics/projects,https://nagi.tw/topics/projects/,B,same path; host/base redirect only,legacy-url-map.csv
https://notes.nagi.tw/topics/projects/,https://nagi.tw/topics/projects/,B,same path; host/base redirect only,legacy-url-map.csv
https://notes.nagi.tw/topics/projects/index.html,https://nagi.tw/topics/projects/,B,explicit static index alias,generated index.html
https://notes.nagi.tw/topics/raspberry-pi,https://nagi.tw/topics/raspberry-pi/,B,same path; host/base redirect only,legacy-url-map.csv
https://notes.nagi.tw/topics/raspberry-pi/,https://nagi.tw/topics/raspberry-pi/,B,same path; host/base redirect only,legacy-url-map.csv
https://notes.nagi.tw/topics/raspberry-pi/index.html,https://nagi.tw/topics/raspberry-pi/,B,explicit static index alias,generated index.html
https://notes.nagi.tw/topics/reflection,https://nagi.tw/topics/reflection/,B,same path; host/base redirect only,legacy-url-map.csv
https://notes.nagi.tw/topics/reflection/,https://nagi.tw/topics/reflection/,B,same path; host/base redirect only,legacy-url-map.csv
https://notes.nagi.tw/topics/reflection/index.html,https://nagi.tw/topics/reflection/,B,explicit static index alias,generated index.html
https://notes.nagi.tw/topics/research,https://nagi.tw/topics/research/,B,same path; host/base redirect only,legacy-url-map.csv
https://notes.nagi.tw/topics/research/,https://nagi.tw/topics/research/,B,same path; host/base redirect only,legacy-url-map.csv
https://notes.nagi.tw/topics/research/index.html,https://nagi.tw/topics/research/,B,explicit static index alias,generated index.html
https://notes.nagi.tw/topics/responsible-security-culture,https://nagi.tw/topics/responsible-security-culture/,B,same path; host/base redirect only,legacy-url-map.csv
https://notes.nagi.tw/topics/responsible-security-culture/,https://nagi.tw/topics/responsible-security-culture/,B,same path; host/base redirect only,legacy-url-map.csv
https://notes.nagi.tw/topics/responsible-security-culture/index.html,https://nagi.tw/topics/responsible-security-culture/,B,explicit static index alias,generated index.html
https://notes.nagi.tw/topics/retail,https://nagi.tw/topics/retail/,B,same path; host/base redirect only,legacy-url-map.csv
https://notes.nagi.tw/topics/retail/,https://nagi.tw/topics/retail/,B,same path; host/base redirect only,legacy-url-map.csv
https://notes.nagi.tw/topics/retail/index.html,https://nagi.tw/topics/retail/,B,explicit static index alias,generated index.html
https://notes.nagi.tw/topics/robotics,https://nagi.tw/topics/robotics/,B,same path; host/base redirect only,legacy-url-map.csv
https://notes.nagi.tw/topics/robotics/,https://nagi.tw/topics/robotics/,B,same path; host/base redirect only,legacy-url-map.csv
https://notes.nagi.tw/topics/robotics/index.html,https://nagi.tw/topics/robotics/,B,explicit static index alias,generated index.html
https://notes.nagi.tw/topics/security,https://nagi.tw/topics/security/,B,same path; host/base redirect only,legacy-url-map.csv
https://notes.nagi.tw/topics/security-culture,https://nagi.tw/topics/security-culture/,B,same path; host/base redirect only,legacy-url-map.csv
https://notes.nagi.tw/topics/security-culture/,https://nagi.tw/topics/security-culture/,B,same path; host/base redirect only,legacy-url-map.csv
https://notes.nagi.tw/topics/security-culture/index.html,https://nagi.tw/topics/security-culture/,B,explicit static index alias,generated index.html
https://notes.nagi.tw/topics/security/,https://nagi.tw/topics/security/,B,same path; host/base redirect only,legacy-url-map.csv
https://notes.nagi.tw/topics/security/index.html,https://nagi.tw/topics/security/,B,explicit static index alias,generated index.html
https://notes.nagi.tw/topics/sme-security,https://nagi.tw/topics/sme-security/,B,same path; host/base redirect only,legacy-url-map.csv
https://notes.nagi.tw/topics/sme-security/,https://nagi.tw/topics/sme-security/,B,same path; host/base redirect only,legacy-url-map.csv
https://notes.nagi.tw/topics/sme-security/index.html,https://nagi.tw/topics/sme-security/,B,explicit static index alias,generated index.html
https://notes.nagi.tw/topics/soc,https://nagi.tw/topics/soc/,B,same path; host/base redirect only,legacy-url-map.csv
https://notes.nagi.tw/topics/soc/,https://nagi.tw/topics/soc/,B,same path; host/base redirect only,legacy-url-map.csv
https://notes.nagi.tw/topics/soc/index.html,https://nagi.tw/topics/soc/,B,explicit static index alias,generated index.html
https://notes.nagi.tw/topics/students,https://nagi.tw/topics/students/,B,same path; host/base redirect only,legacy-url-map.csv
https://notes.nagi.tw/topics/students/,https://nagi.tw/topics/students/,B,same path; host/base redirect only,legacy-url-map.csv
https://notes.nagi.tw/topics/students/index.html,https://nagi.tw/topics/students/,B,explicit static index alias,generated index.html
https://notes.nagi.tw/topics/systems,https://nagi.tw/topics/systems/,B,allowlisted same-path domain cutover,dist / public inventory
https://notes.nagi.tw/topics/systems/,https://nagi.tw/topics/systems/,B,allowlisted same-path domain cutover,dist / public inventory
https://notes.nagi.tw/topics/systems/index.html,https://nagi.tw/topics/systems/,B,explicit static index alias,generated index.html
https://notes.nagi.tw/topics/windows-forensics,https://nagi.tw/topics/windows-forensics/,B,same path; host/base redirect only,legacy-url-map.csv
https://notes.nagi.tw/topics/windows-forensics/,https://nagi.tw/topics/windows-forensics/,B,same path; host/base redirect only,legacy-url-map.csv
https://notes.nagi.tw/topics/windows-forensics/index.html,https://nagi.tw/topics/windows-forensics/,B,explicit static index alias,generated index.html
https://notes.nagi.tw/topics/windows-malware,https://nagi.tw/topics/windows-malware/,B,same path; host/base redirect only,legacy-url-map.csv
https://notes.nagi.tw/topics/windows-malware/,https://nagi.tw/topics/windows-malware/,B,same path; host/base redirect only,legacy-url-map.csv
https://notes.nagi.tw/topics/windows-malware/index.html,https://nagi.tw/topics/windows-malware/,B,explicit static index alias,generated index.html
https://notes.nagi.tw/topics/wireshark,https://nagi.tw/topics/wireshark/,B,same path; host/base redirect only,legacy-url-map.csv
https://notes.nagi.tw/topics/wireshark/,https://nagi.tw/topics/wireshark/,B,same path; host/base redirect only,legacy-url-map.csv
https://notes.nagi.tw/topics/wireshark/index.html,https://nagi.tw/topics/wireshark/,B,explicit static index alias,generated index.html
https://notes.nagi.tw/topics/zero-trust,https://nagi.tw/topics/zero-trust/,B,same path; host/base redirect only,legacy-url-map.csv
https://notes.nagi.tw/topics/zero-trust/,https://nagi.tw/topics/zero-trust/,B,same path; host/base redirect only,legacy-url-map.csv
https://notes.nagi.tw/topics/zero-trust/index.html,https://nagi.tw/topics/zero-trust/,B,explicit static index alias,generated index.html
https://seraphforge.github.io/2026/05/09/2026-security-conference,https://nagi.tw/en/articles/2026-security-conference/,B,recorded Hexo permalink,migration-report.md canonical URL table
https://seraphforge.github.io/2026/05/09/2026-security-conference/,https://nagi.tw/en/articles/2026-security-conference/,B,recorded Hexo permalink,migration-report.md canonical URL table
https://seraphforge.github.io/2026/05/16/from-nihscsed-to-control-team/,,C,intentionally not public; do not resurrect or redirect to unrelated content,publication flags or explicit article removal
https://seraphforge.github.io/2026/06/23/nurse-made-me-rethink-medical-cybersecurity,https://nagi.tw/en/articles/nurse-made-me-rethink-medical-cybersecurity/,B,recorded Hexo permalink,migration-report.md canonical URL table
https://seraphforge.github.io/2026/06/23/nurse-made-me-rethink-medical-cybersecurity/,https://nagi.tw/en/articles/nurse-made-me-rethink-medical-cybersecurity/,B,recorded Hexo permalink,migration-report.md canonical URL table
https://seraphforge.github.io/2026/07/07/infosec-taiwan-2026-student-industry-gap,https://nagi.tw/en/articles/infosec-taiwan-2026-student-industry-gap/,B,recorded Hexo permalink,migration-report.md canonical URL table
https://seraphforge.github.io/2026/07/07/infosec-taiwan-2026-student-industry-gap/,https://nagi.tw/en/articles/infosec-taiwan-2026-student-industry-gap/,B,recorded Hexo permalink,migration-report.md canonical URL table
https://seraphforge.github.io/2026/07/08/ctf-meets-malware-analysis-windows,https://nagi.tw/en/articles/ctf-meets-malware-analysis-windows/,B,recorded Hexo permalink,migration-report.md canonical URL table
https://seraphforge.github.io/2026/07/08/ctf-meets-malware-analysis-windows/,https://nagi.tw/en/articles/ctf-meets-malware-analysis-windows/,B,recorded Hexo permalink,migration-report.md canonical URL table
https://seraphforge.github.io/2026/07/18/retail-work-sme-security-culture,https://nagi.tw/en/articles/retail-work-sme-security-culture/,B,recorded Hexo permalink,migration-report.md canonical URL table
https://seraphforge.github.io/2026/07/18/retail-work-sme-security-culture/,https://nagi.tw/en/articles/retail-work-sme-security-culture/,B,recorded Hexo permalink,migration-report.md canonical URL table
https://seraphforge.github.io/ja/2026/04/18/not-everyone-has-to-walk-the-same-road,https://nagi.tw/ja/articles/not-everyone-has-to-walk-the-same-road/,B,recorded Hexo permalink,migration-report.md canonical URL table
https://seraphforge.github.io/ja/2026/04/18/not-everyone-has-to-walk-the-same-road/,https://nagi.tw/ja/articles/not-everyone-has-to-walk-the-same-road/,B,recorded Hexo permalink,migration-report.md canonical URL table
https://seraphforge.github.io/ja/2026/05/09/2026-security-conference,https://nagi.tw/ja/articles/2026-security-conference/,B,recorded Hexo permalink,migration-report.md canonical URL table
https://seraphforge.github.io/ja/2026/05/09/2026-security-conference/,https://nagi.tw/ja/articles/2026-security-conference/,B,recorded Hexo permalink,migration-report.md canonical URL table
https://seraphforge.github.io/ja/2026/05/16/from-nihscsed-to-control-team/,,C,intentionally not public; do not resurrect or redirect to unrelated content,publication flags or explicit article removal
https://seraphforge.github.io/ja/2026/06/23/nurse-made-me-rethink-medical-cybersecurity,https://nagi.tw/ja/articles/nurse-made-me-rethink-medical-cybersecurity/,B,recorded Hexo permalink,migration-report.md canonical URL table
https://seraphforge.github.io/ja/2026/06/23/nurse-made-me-rethink-medical-cybersecurity/,https://nagi.tw/ja/articles/nurse-made-me-rethink-medical-cybersecurity/,B,recorded Hexo permalink,migration-report.md canonical URL table
https://seraphforge.github.io/ja/2026/06/23/prologue-the-people-i-met-along-the-way,https://nagi.tw/ja/articles/prologue-the-people-i-met-along-the-way/,B,recorded Hexo permalink,migration-report.md canonical URL table
https://seraphforge.github.io/ja/2026/06/23/prologue-the-people-i-met-along-the-way/,https://nagi.tw/ja/articles/prologue-the-people-i-met-along-the-way/,B,recorded Hexo permalink,migration-report.md canonical URL table
https://seraphforge.github.io/ja/2026/06/23/ten-years-from-now-dont-forget-who-you-are-now,https://nagi.tw/ja/articles/ten-years-from-now-dont-forget-who-you-are-now/,B,recorded Hexo permalink,migration-report.md canonical URL table
https://seraphforge.github.io/ja/2026/06/23/ten-years-from-now-dont-forget-who-you-are-now/,https://nagi.tw/ja/articles/ten-years-from-now-dont-forget-who-you-are-now/,B,recorded Hexo permalink,migration-report.md canonical URL table
https://seraphforge.github.io/ja/2026/06/25/why-i-still-use-codex/,,C,intentionally not public; do not resurrect or redirect to unrelated content,publication flags or explicit article removal
https://seraphforge.github.io/ja/2026/07/07/infosec-taiwan-2026-student-industry-gap,https://nagi.tw/ja/articles/infosec-taiwan-2026-student-industry-gap/,B,recorded Hexo permalink,migration-report.md canonical URL table
https://seraphforge.github.io/ja/2026/07/07/infosec-taiwan-2026-student-industry-gap/,https://nagi.tw/ja/articles/infosec-taiwan-2026-student-industry-gap/,B,recorded Hexo permalink,migration-report.md canonical URL table
https://seraphforge.github.io/ja/2026/07/08/ctf-meets-malware-analysis-windows,https://nagi.tw/ja/articles/ctf-meets-malware-analysis-windows/,B,recorded Hexo permalink,migration-report.md canonical URL table
https://seraphforge.github.io/ja/2026/07/08/ctf-meets-malware-analysis-windows/,https://nagi.tw/ja/articles/ctf-meets-malware-analysis-windows/,B,recorded Hexo permalink,migration-report.md canonical URL table
https://seraphforge.github.io/ja/2026/07/18/retail-work-sme-security-culture,https://nagi.tw/ja/articles/retail-work-sme-security-culture/,B,recorded Hexo permalink,migration-report.md canonical URL table
https://seraphforge.github.io/ja/2026/07/18/retail-work-sme-security-culture/,https://nagi.tw/ja/articles/retail-work-sme-security-culture/,B,recorded Hexo permalink,migration-report.md canonical URL table
https://seraphforge.github.io/notes.nagi.tw,https://nagi.tw/,B,same path; host/base redirect only,legacy-url-map.csv
https://seraphforge.github.io/notes.nagi.tw/,https://nagi.tw/,B,same path; host/base redirect only,legacy-url-map.csv
https://seraphforge.github.io/notes.nagi.tw/about,https://nagi.tw/about/,B,same path; host/base redirect only,legacy-url-map.csv
https://seraphforge.github.io/notes.nagi.tw/about/,https://nagi.tw/about/,B,same path; host/base redirect only,legacy-url-map.csv
https://seraphforge.github.io/notes.nagi.tw/archive,https://nagi.tw/archive/,B,same path; host/base redirect only,legacy-url-map.csv
https://seraphforge.github.io/notes.nagi.tw/archive/,https://nagi.tw/archive/,B,same path; host/base redirect only,legacy-url-map.csv
https://seraphforge.github.io/notes.nagi.tw/articles,https://nagi.tw/articles/,B,same path; host/base redirect only,legacy-url-map.csv
https://seraphforge.github.io/notes.nagi.tw/articles/,https://nagi.tw/articles/,B,same path; host/base redirect only,legacy-url-map.csv
https://seraphforge.github.io/notes.nagi.tw/articles/2026-security-conference,https://nagi.tw/articles/2026-security-conference/,B,same path; host/base redirect only,legacy-url-map.csv
https://seraphforge.github.io/notes.nagi.tw/articles/2026-security-conference/,https://nagi.tw/articles/2026-security-conference/,B,same path; host/base redirect only,legacy-url-map.csv
https://seraphforge.github.io/notes.nagi.tw/articles/2026-security-conference/en,https://nagi.tw/en/articles/2026-security-conference/,B,known language suffix maps to published locale edition,legacy-url-map.csv
https://seraphforge.github.io/notes.nagi.tw/articles/2026-security-conference/en/,https://nagi.tw/en/articles/2026-security-conference/,B,known language suffix maps to published locale edition,legacy-url-map.csv
https://seraphforge.github.io/notes.nagi.tw/articles/2026-security-conference/ja,https://nagi.tw/ja/articles/2026-security-conference/,B,known language suffix maps to published locale edition,legacy-url-map.csv
https://seraphforge.github.io/notes.nagi.tw/articles/2026-security-conference/ja/,https://nagi.tw/ja/articles/2026-security-conference/,B,known language suffix maps to published locale edition,legacy-url-map.csv
https://seraphforge.github.io/notes.nagi.tw/articles/ctf-meets-malware-analysis-windows,https://nagi.tw/articles/ctf-meets-malware-analysis-windows/,B,same path; host/base redirect only,legacy-url-map.csv
https://seraphforge.github.io/notes.nagi.tw/articles/ctf-meets-malware-analysis-windows/,https://nagi.tw/articles/ctf-meets-malware-analysis-windows/,B,same path; host/base redirect only,legacy-url-map.csv
https://seraphforge.github.io/notes.nagi.tw/articles/ctf-meets-malware-analysis-windows/en,https://nagi.tw/en/articles/ctf-meets-malware-analysis-windows/,B,known language suffix maps to published locale edition,legacy-url-map.csv
https://seraphforge.github.io/notes.nagi.tw/articles/ctf-meets-malware-analysis-windows/en/,https://nagi.tw/en/articles/ctf-meets-malware-analysis-windows/,B,known language suffix maps to published locale edition,legacy-url-map.csv
https://seraphforge.github.io/notes.nagi.tw/articles/ctf-meets-malware-analysis-windows/ja,https://nagi.tw/ja/articles/ctf-meets-malware-analysis-windows/,B,known language suffix maps to published locale edition,legacy-url-map.csv
https://seraphforge.github.io/notes.nagi.tw/articles/ctf-meets-malware-analysis-windows/ja/,https://nagi.tw/ja/articles/ctf-meets-malware-analysis-windows/,B,known language suffix maps to published locale edition,legacy-url-map.csv
https://seraphforge.github.io/notes.nagi.tw/articles/first-hackathon-in-university,https://nagi.tw/articles/first-hackathon-in-university/,B,same path; host/base redirect only,legacy-url-map.csv
https://seraphforge.github.io/notes.nagi.tw/articles/first-hackathon-in-university/,https://nagi.tw/articles/first-hackathon-in-university/,B,same path; host/base redirect only,legacy-url-map.csv
https://seraphforge.github.io/notes.nagi.tw/articles/frc-engineering-team,https://nagi.tw/articles/frc-engineering-team/,B,same path; host/base redirect only,legacy-url-map.csv
https://seraphforge.github.io/notes.nagi.tw/articles/frc-engineering-team/,https://nagi.tw/articles/frc-engineering-team/,B,same path; host/base redirect only,legacy-url-map.csv
https://seraphforge.github.io/notes.nagi.tw/articles/infosec-taiwan-2026-student-industry-gap,https://nagi.tw/articles/infosec-taiwan-2026-student-industry-gap/,B,same path; host/base redirect only,legacy-url-map.csv
https://seraphforge.github.io/notes.nagi.tw/articles/infosec-taiwan-2026-student-industry-gap/,https://nagi.tw/articles/infosec-taiwan-2026-student-industry-gap/,B,same path; host/base redirect only,legacy-url-map.csv
https://seraphforge.github.io/notes.nagi.tw/articles/infosec-taiwan-2026-student-industry-gap/en,https://nagi.tw/en/articles/infosec-taiwan-2026-student-industry-gap/,B,known language suffix maps to published locale edition,legacy-url-map.csv
https://seraphforge.github.io/notes.nagi.tw/articles/infosec-taiwan-2026-student-industry-gap/en/,https://nagi.tw/en/articles/infosec-taiwan-2026-student-industry-gap/,B,known language suffix maps to published locale edition,legacy-url-map.csv
https://seraphforge.github.io/notes.nagi.tw/articles/infosec-taiwan-2026-student-industry-gap/ja,https://nagi.tw/ja/articles/infosec-taiwan-2026-student-industry-gap/,B,known language suffix maps to published locale edition,legacy-url-map.csv
https://seraphforge.github.io/notes.nagi.tw/articles/infosec-taiwan-2026-student-industry-gap/ja/,https://nagi.tw/ja/articles/infosec-taiwan-2026-student-industry-gap/,B,known language suffix maps to published locale edition,legacy-url-map.csv
https://seraphforge.github.io/notes.nagi.tw/articles/not-everyone-has-to-walk-the-same-road,https://nagi.tw/articles/not-everyone-has-to-walk-the-same-road/,B,same path; host/base redirect only,legacy-url-map.csv
https://seraphforge.github.io/notes.nagi.tw/articles/not-everyone-has-to-walk-the-same-road/,https://nagi.tw/articles/not-everyone-has-to-walk-the-same-road/,B,same path; host/base redirect only,legacy-url-map.csv
https://seraphforge.github.io/notes.nagi.tw/articles/not-everyone-has-to-walk-the-same-road/ja,https://nagi.tw/ja/articles/not-everyone-has-to-walk-the-same-road/,B,known language suffix maps to published locale edition,legacy-url-map.csv
https://seraphforge.github.io/notes.nagi.tw/articles/not-everyone-has-to-walk-the-same-road/ja/,https://nagi.tw/ja/articles/not-everyone-has-to-walk-the-same-road/,B,known language suffix maps to published locale edition,legacy-url-map.csv
https://seraphforge.github.io/notes.nagi.tw/articles/nurse-made-me-rethink-medical-cybersecurity,https://nagi.tw/articles/nurse-made-me-rethink-medical-cybersecurity/,B,same path; host/base redirect only,legacy-url-map.csv
https://seraphforge.github.io/notes.nagi.tw/articles/nurse-made-me-rethink-medical-cybersecurity/,https://nagi.tw/articles/nurse-made-me-rethink-medical-cybersecurity/,B,same path; host/base redirect only,legacy-url-map.csv
https://seraphforge.github.io/notes.nagi.tw/articles/nurse-made-me-rethink-medical-cybersecurity/en,https://nagi.tw/en/articles/nurse-made-me-rethink-medical-cybersecurity/,B,known language suffix maps to published locale edition,legacy-url-map.csv
https://seraphforge.github.io/notes.nagi.tw/articles/nurse-made-me-rethink-medical-cybersecurity/en/,https://nagi.tw/en/articles/nurse-made-me-rethink-medical-cybersecurity/,B,known language suffix maps to published locale edition,legacy-url-map.csv
https://seraphforge.github.io/notes.nagi.tw/articles/nurse-made-me-rethink-medical-cybersecurity/ja,https://nagi.tw/ja/articles/nurse-made-me-rethink-medical-cybersecurity/,B,known language suffix maps to published locale edition,legacy-url-map.csv
https://seraphforge.github.io/notes.nagi.tw/articles/nurse-made-me-rethink-medical-cybersecurity/ja/,https://nagi.tw/ja/articles/nurse-made-me-rethink-medical-cybersecurity/,B,known language suffix maps to published locale edition,legacy-url-map.csv
https://seraphforge.github.io/notes.nagi.tw/articles/prologue-the-people-i-met-along-the-way,https://nagi.tw/articles/prologue-the-people-i-met-along-the-way/,B,same path; host/base redirect only,legacy-url-map.csv
https://seraphforge.github.io/notes.nagi.tw/articles/prologue-the-people-i-met-along-the-way/,https://nagi.tw/articles/prologue-the-people-i-met-along-the-way/,B,same path; host/base redirect only,legacy-url-map.csv
https://seraphforge.github.io/notes.nagi.tw/articles/prologue-the-people-i-met-along-the-way/ja,https://nagi.tw/ja/articles/prologue-the-people-i-met-along-the-way/,B,known language suffix maps to published locale edition,legacy-url-map.csv
https://seraphforge.github.io/notes.nagi.tw/articles/prologue-the-people-i-met-along-the-way/ja/,https://nagi.tw/ja/articles/prologue-the-people-i-met-along-the-way/,B,known language suffix maps to published locale edition,legacy-url-map.csv
https://seraphforge.github.io/notes.nagi.tw/articles/recent-projects-and-life-update,https://nagi.tw/articles/recent-projects-and-life-update/,B,same path; host/base redirect only,legacy-url-map.csv
https://seraphforge.github.io/notes.nagi.tw/articles/recent-projects-and-life-update/,https://nagi.tw/articles/recent-projects-and-life-update/,B,same path; host/base redirect only,legacy-url-map.csv
https://seraphforge.github.io/notes.nagi.tw/articles/retail-work-sme-security-culture,https://nagi.tw/articles/retail-work-sme-security-culture/,B,same path; host/base redirect only,legacy-url-map.csv
https://seraphforge.github.io/notes.nagi.tw/articles/retail-work-sme-security-culture/,https://nagi.tw/articles/retail-work-sme-security-culture/,B,same path; host/base redirect only,legacy-url-map.csv
https://seraphforge.github.io/notes.nagi.tw/articles/retail-work-sme-security-culture/en,https://nagi.tw/en/articles/retail-work-sme-security-culture/,B,known language suffix maps to published locale edition,legacy-url-map.csv
https://seraphforge.github.io/notes.nagi.tw/articles/retail-work-sme-security-culture/en/,https://nagi.tw/en/articles/retail-work-sme-security-culture/,B,known language suffix maps to published locale edition,legacy-url-map.csv
https://seraphforge.github.io/notes.nagi.tw/articles/retail-work-sme-security-culture/ja,https://nagi.tw/ja/articles/retail-work-sme-security-culture/,B,known language suffix maps to published locale edition,legacy-url-map.csv
https://seraphforge.github.io/notes.nagi.tw/articles/retail-work-sme-security-culture/ja/,https://nagi.tw/ja/articles/retail-work-sme-security-culture/,B,known language suffix maps to published locale edition,legacy-url-map.csv
https://seraphforge.github.io/notes.nagi.tw/articles/ten-years-from-now-dont-forget-who-you-are-now,https://nagi.tw/articles/ten-years-from-now-dont-forget-who-you-are-now/,B,same path; host/base redirect only,legacy-url-map.csv
https://seraphforge.github.io/notes.nagi.tw/articles/ten-years-from-now-dont-forget-who-you-are-now/,https://nagi.tw/articles/ten-years-from-now-dont-forget-who-you-are-now/,B,same path; host/base redirect only,legacy-url-map.csv
https://seraphforge.github.io/notes.nagi.tw/articles/ten-years-from-now-dont-forget-who-you-are-now/ja,https://nagi.tw/ja/articles/ten-years-from-now-dont-forget-who-you-are-now/,B,known language suffix maps to published locale edition,legacy-url-map.csv
https://seraphforge.github.io/notes.nagi.tw/articles/ten-years-from-now-dont-forget-who-you-are-now/ja/,https://nagi.tw/ja/articles/ten-years-from-now-dont-forget-who-you-are-now/,B,known language suffix maps to published locale edition,legacy-url-map.csv
https://seraphforge.github.io/notes.nagi.tw/en,https://nagi.tw/en/,B,same path; host/base redirect only,legacy-url-map.csv
https://seraphforge.github.io/notes.nagi.tw/en/,https://nagi.tw/en/,B,same path; host/base redirect only,legacy-url-map.csv
https://seraphforge.github.io/notes.nagi.tw/en/about,https://nagi.tw/en/about/,B,same path; host/base redirect only,legacy-url-map.csv
https://seraphforge.github.io/notes.nagi.tw/en/about/,https://nagi.tw/en/about/,B,same path; host/base redirect only,legacy-url-map.csv
https://seraphforge.github.io/notes.nagi.tw/en/archive,https://nagi.tw/en/archive/,B,same path; host/base redirect only,legacy-url-map.csv
https://seraphforge.github.io/notes.nagi.tw/en/archive/,https://nagi.tw/en/archive/,B,same path; host/base redirect only,legacy-url-map.csv
https://seraphforge.github.io/notes.nagi.tw/en/articles,https://nagi.tw/en/articles/,B,same path; host/base redirect only,legacy-url-map.csv
https://seraphforge.github.io/notes.nagi.tw/en/articles/,https://nagi.tw/en/articles/,B,same path; host/base redirect only,legacy-url-map.csv
https://seraphforge.github.io/notes.nagi.tw/en/articles/2026-security-conference,https://nagi.tw/en/articles/2026-security-conference/,B,same path; host/base redirect only,legacy-url-map.csv
https://seraphforge.github.io/notes.nagi.tw/en/articles/2026-security-conference/,https://nagi.tw/en/articles/2026-security-conference/,B,same path; host/base redirect only,legacy-url-map.csv
https://seraphforge.github.io/notes.nagi.tw/en/articles/ctf-meets-malware-analysis-windows,https://nagi.tw/en/articles/ctf-meets-malware-analysis-windows/,B,same path; host/base redirect only,legacy-url-map.csv
https://seraphforge.github.io/notes.nagi.tw/en/articles/ctf-meets-malware-analysis-windows/,https://nagi.tw/en/articles/ctf-meets-malware-analysis-windows/,B,same path; host/base redirect only,legacy-url-map.csv
https://seraphforge.github.io/notes.nagi.tw/en/articles/first-hackathon-in-university,https://nagi.tw/en/articles/first-hackathon-in-university/,B,same path; host/base redirect only,legacy-url-map.csv
https://seraphforge.github.io/notes.nagi.tw/en/articles/first-hackathon-in-university/,https://nagi.tw/en/articles/first-hackathon-in-university/,B,same path; host/base redirect only,legacy-url-map.csv
https://seraphforge.github.io/notes.nagi.tw/en/articles/frc-engineering-team,https://nagi.tw/en/articles/frc-engineering-team/,B,same path; host/base redirect only,legacy-url-map.csv
https://seraphforge.github.io/notes.nagi.tw/en/articles/frc-engineering-team/,https://nagi.tw/en/articles/frc-engineering-team/,B,same path; host/base redirect only,legacy-url-map.csv
https://seraphforge.github.io/notes.nagi.tw/en/articles/infosec-taiwan-2026-student-industry-gap,https://nagi.tw/en/articles/infosec-taiwan-2026-student-industry-gap/,B,same path; host/base redirect only,legacy-url-map.csv
https://seraphforge.github.io/notes.nagi.tw/en/articles/infosec-taiwan-2026-student-industry-gap/,https://nagi.tw/en/articles/infosec-taiwan-2026-student-industry-gap/,B,same path; host/base redirect only,legacy-url-map.csv
https://seraphforge.github.io/notes.nagi.tw/en/articles/not-everyone-has-to-walk-the-same-road,https://nagi.tw/en/articles/not-everyone-has-to-walk-the-same-road/,B,same path; host/base redirect only,legacy-url-map.csv
https://seraphforge.github.io/notes.nagi.tw/en/articles/not-everyone-has-to-walk-the-same-road/,https://nagi.tw/en/articles/not-everyone-has-to-walk-the-same-road/,B,same path; host/base redirect only,legacy-url-map.csv
https://seraphforge.github.io/notes.nagi.tw/en/articles/nurse-made-me-rethink-medical-cybersecurity,https://nagi.tw/en/articles/nurse-made-me-rethink-medical-cybersecurity/,B,same path; host/base redirect only,legacy-url-map.csv
https://seraphforge.github.io/notes.nagi.tw/en/articles/nurse-made-me-rethink-medical-cybersecurity/,https://nagi.tw/en/articles/nurse-made-me-rethink-medical-cybersecurity/,B,same path; host/base redirect only,legacy-url-map.csv
https://seraphforge.github.io/notes.nagi.tw/en/articles/prologue-the-people-i-met-along-the-way,https://nagi.tw/en/articles/prologue-the-people-i-met-along-the-way/,B,same path; host/base redirect only,legacy-url-map.csv
https://seraphforge.github.io/notes.nagi.tw/en/articles/prologue-the-people-i-met-along-the-way/,https://nagi.tw/en/articles/prologue-the-people-i-met-along-the-way/,B,same path; host/base redirect only,legacy-url-map.csv
https://seraphforge.github.io/notes.nagi.tw/en/articles/recent-projects-and-life-update,https://nagi.tw/en/articles/recent-projects-and-life-update/,B,same path; host/base redirect only,legacy-url-map.csv
https://seraphforge.github.io/notes.nagi.tw/en/articles/recent-projects-and-life-update/,https://nagi.tw/en/articles/recent-projects-and-life-update/,B,same path; host/base redirect only,legacy-url-map.csv
https://seraphforge.github.io/notes.nagi.tw/en/articles/retail-work-sme-security-culture,https://nagi.tw/en/articles/retail-work-sme-security-culture/,B,same path; host/base redirect only,legacy-url-map.csv
https://seraphforge.github.io/notes.nagi.tw/en/articles/retail-work-sme-security-culture/,https://nagi.tw/en/articles/retail-work-sme-security-culture/,B,same path; host/base redirect only,legacy-url-map.csv
https://seraphforge.github.io/notes.nagi.tw/en/articles/ten-years-from-now-dont-forget-who-you-are-now,https://nagi.tw/en/articles/ten-years-from-now-dont-forget-who-you-are-now/,B,same path; host/base redirect only,legacy-url-map.csv
https://seraphforge.github.io/notes.nagi.tw/en/articles/ten-years-from-now-dont-forget-who-you-are-now/,https://nagi.tw/en/articles/ten-years-from-now-dont-forget-who-you-are-now/,B,same path; host/base redirect only,legacy-url-map.csv
https://seraphforge.github.io/notes.nagi.tw/en/experience,https://nagi.tw/en/experience/,B,same path; host/base redirect only,legacy-url-map.csv
https://seraphforge.github.io/notes.nagi.tw/en/experience/,https://nagi.tw/en/experience/,B,same path; host/base redirect only,legacy-url-map.csv
https://seraphforge.github.io/notes.nagi.tw/en/topics,https://nagi.tw/en/topics/,B,same path; host/base redirect only,legacy-url-map.csv
https://seraphforge.github.io/notes.nagi.tw/en/topics/,https://nagi.tw/en/topics/,B,same path; host/base redirect only,legacy-url-map.csv
https://seraphforge.github.io/notes.nagi.tw/en/topics/%E8%BF%91%E6%B3%81,https://nagi.tw/en/topics/%E8%BF%91%E6%B3%81/,B,same path; host/base redirect only,legacy-url-map.csv
https://seraphforge.github.io/notes.nagi.tw/en/topics/%E8%BF%91%E6%B3%81/,https://nagi.tw/en/topics/%E8%BF%91%E6%B3%81/,B,same path; host/base redirect only,legacy-url-map.csv
https://seraphforge.github.io/notes.nagi.tw/en/topics/2026-cybersecurity-conference,https://nagi.tw/en/topics/2026-cybersecurity-conference/,B,same path; host/base redirect only,legacy-url-map.csv
https://seraphforge.github.io/notes.nagi.tw/en/topics/2026-cybersecurity-conference/,https://nagi.tw/en/topics/2026-cybersecurity-conference/,B,same path; host/base redirect only,legacy-url-map.csv
https://seraphforge.github.io/notes.nagi.tw/en/topics/ai,https://nagi.tw/en/topics/ai/,B,same path; host/base redirect only,legacy-url-map.csv
https://seraphforge.github.io/notes.nagi.tw/en/topics/ai-security,https://nagi.tw/en/topics/ai-security/,B,same path; host/base redirect only,legacy-url-map.csv
https://seraphforge.github.io/notes.nagi.tw/en/topics/ai-security/,https://nagi.tw/en/topics/ai-security/,B,same path; host/base redirect only,legacy-url-map.csv
https://seraphforge.github.io/notes.nagi.tw/en/topics/ai-soc,https://nagi.tw/en/topics/ai-soc/,B,same path; host/base redirect only,legacy-url-map.csv
https://seraphforge.github.io/notes.nagi.tw/en/topics/ai-soc/,https://nagi.tw/en/topics/ai-soc/,B,same path; host/base redirect only,legacy-url-map.csv
https://seraphforge.github.io/notes.nagi.tw/en/topics/ai/,https://nagi.tw/en/topics/ai/,B,same path; host/base redirect only,legacy-url-map.csv
https://seraphforge.github.io/notes.nagi.tw/en/topics/blue-team,https://nagi.tw/en/topics/blue-team/,B,same path; host/base redirect only,legacy-url-map.csv
https://seraphforge.github.io/notes.nagi.tw/en/topics/blue-team/,https://nagi.tw/en/topics/blue-team/,B,same path; host/base redirect only,legacy-url-map.csv
https://seraphforge.github.io/notes.nagi.tw/en/topics/career,https://nagi.tw/en/topics/career/,B,same path; host/base redirect only,legacy-url-map.csv
https://seraphforge.github.io/notes.nagi.tw/en/topics/career/,https://nagi.tw/en/topics/career/,B,same path; host/base redirect only,legacy-url-map.csv
https://seraphforge.github.io/notes.nagi.tw/en/topics/choices,https://nagi.tw/en/topics/choices/,B,same path; host/base redirect only,legacy-url-map.csv
https://seraphforge.github.io/notes.nagi.tw/en/topics/choices/,https://nagi.tw/en/topics/choices/,B,same path; host/base redirect only,legacy-url-map.csv
https://seraphforge.github.io/notes.nagi.tw/en/topics/competition,https://nagi.tw/en/topics/competition/,B,same path; host/base redirect only,legacy-url-map.csv
https://seraphforge.github.io/notes.nagi.tw/en/topics/competition/,https://nagi.tw/en/topics/competition/,B,same path; host/base redirect only,legacy-url-map.csv
https://seraphforge.github.io/notes.nagi.tw/en/topics/compliance,https://nagi.tw/en/topics/compliance/,B,same path; host/base redirect only,legacy-url-map.csv
https://seraphforge.github.io/notes.nagi.tw/en/topics/compliance/,https://nagi.tw/en/topics/compliance/,B,same path; host/base redirect only,legacy-url-map.csv
https://seraphforge.github.io/notes.nagi.tw/en/topics/ctf,https://nagi.tw/en/topics/ctf/,B,same path; host/base redirect only,legacy-url-map.csv
https://seraphforge.github.io/notes.nagi.tw/en/topics/ctf/,https://nagi.tw/en/topics/ctf/,B,same path; host/base redirect only,legacy-url-map.csv
https://seraphforge.github.io/notes.nagi.tw/en/topics/cybersec,https://nagi.tw/en/topics/cybersec/,B,same path; host/base redirect only,legacy-url-map.csv
https://seraphforge.github.io/notes.nagi.tw/en/topics/cybersec/,https://nagi.tw/en/topics/cybersec/,B,same path; host/base redirect only,legacy-url-map.csv
https://seraphforge.github.io/notes.nagi.tw/en/topics/cybersecurity,https://nagi.tw/en/topics/cybersecurity/,B,same path; host/base redirect only,legacy-url-map.csv
https://seraphforge.github.io/notes.nagi.tw/en/topics/cybersecurity/,https://nagi.tw/en/topics/cybersecurity/,B,same path; host/base redirect only,legacy-url-map.csv
https://seraphforge.github.io/notes.nagi.tw/en/topics/dfir,https://nagi.tw/en/topics/dfir/,B,same path; host/base redirect only,legacy-url-map.csv
https://seraphforge.github.io/notes.nagi.tw/en/topics/dfir/,https://nagi.tw/en/topics/dfir/,B,same path; host/base redirect only,legacy-url-map.csv
https://seraphforge.github.io/notes.nagi.tw/en/topics/edge-ai,https://nagi.tw/en/topics/edge-ai/,B,same path; host/base redirect only,legacy-url-map.csv
https://seraphforge.github.io/notes.nagi.tw/en/topics/edge-ai/,https://nagi.tw/en/topics/edge-ai/,B,same path; host/base redirect only,legacy-url-map.csv
https://seraphforge.github.io/notes.nagi.tw/en/topics/engineering,https://nagi.tw/en/topics/engineering/,B,same path; host/base redirect only,legacy-url-map.csv
https://seraphforge.github.io/notes.nagi.tw/en/topics/engineering/,https://nagi.tw/en/topics/engineering/,B,same path; host/base redirect only,legacy-url-map.csv
https://seraphforge.github.io/notes.nagi.tw/en/topics/financial-security,https://nagi.tw/en/topics/financial-security/,B,same path; host/base redirect only,legacy-url-map.csv
https://seraphforge.github.io/notes.nagi.tw/en/topics/financial-security/,https://nagi.tw/en/topics/financial-security/,B,same path; host/base redirect only,legacy-url-map.csv
https://seraphforge.github.io/notes.nagi.tw/en/topics/frc,https://nagi.tw/en/topics/frc/,B,same path; host/base redirect only,legacy-url-map.csv
https://seraphforge.github.io/notes.nagi.tw/en/topics/frc/,https://nagi.tw/en/topics/frc/,B,same path; host/base redirect only,legacy-url-map.csv
https://seraphforge.github.io/notes.nagi.tw/en/topics/future,https://nagi.tw/en/topics/future/,B,same path; host/base redirect only,legacy-url-map.csv
https://seraphforge.github.io/notes.nagi.tw/en/topics/future/,https://nagi.tw/en/topics/future/,B,same path; host/base redirect only,legacy-url-map.csv
https://seraphforge.github.io/notes.nagi.tw/en/topics/growth,https://nagi.tw/en/topics/growth/,B,same path; host/base redirect only,legacy-url-map.csv
https://seraphforge.github.io/notes.nagi.tw/en/topics/growth/,https://nagi.tw/en/topics/growth/,B,same path; host/base redirect only,legacy-url-map.csv
https://seraphforge.github.io/notes.nagi.tw/en/topics/healthcare,https://nagi.tw/en/topics/healthcare/,B,same path; host/base redirect only,legacy-url-map.csv
https://seraphforge.github.io/notes.nagi.tw/en/topics/healthcare-medical-iot,https://nagi.tw/en/topics/healthcare-medical-iot/,B,same path; host/base redirect only,legacy-url-map.csv
https://seraphforge.github.io/notes.nagi.tw/en/topics/healthcare-medical-iot/,https://nagi.tw/en/topics/healthcare-medical-iot/,B,same path; host/base redirect only,legacy-url-map.csv
https://seraphforge.github.io/notes.nagi.tw/en/topics/healthcare/,https://nagi.tw/en/topics/healthcare/,B,same path; host/base redirect only,legacy-url-map.csv
https://seraphforge.github.io/notes.nagi.tw/en/topics/high-school-life,https://nagi.tw/en/topics/high-school-life/,B,same path; host/base redirect only,legacy-url-map.csv
https://seraphforge.github.io/notes.nagi.tw/en/topics/high-school-life/,https://nagi.tw/en/topics/high-school-life/,B,same path; host/base redirect only,legacy-url-map.csv
https://seraphforge.github.io/notes.nagi.tw/en/topics/homelab,https://nagi.tw/en/topics/homelab/,B,same path; host/base redirect only,legacy-url-map.csv
https://seraphforge.github.io/notes.nagi.tw/en/topics/homelab/,https://nagi.tw/en/topics/homelab/,B,same path; host/base redirect only,legacy-url-map.csv
https://seraphforge.github.io/notes.nagi.tw/en/topics/incident-response,https://nagi.tw/en/topics/incident-response/,B,same path; host/base redirect only,legacy-url-map.csv
https://seraphforge.github.io/notes.nagi.tw/en/topics/incident-response/,https://nagi.tw/en/topics/incident-response/,B,same path; host/base redirect only,legacy-url-map.csv
https://seraphforge.github.io/notes.nagi.tw/en/topics/infosec-taiwan,https://nagi.tw/en/topics/infosec-taiwan/,B,same path; host/base redirect only,legacy-url-map.csv
https://seraphforge.github.io/notes.nagi.tw/en/topics/infosec-taiwan/,https://nagi.tw/en/topics/infosec-taiwan/,B,same path; host/base redirect only,legacy-url-map.csv
https://seraphforge.github.io/notes.nagi.tw/en/topics/introduction,https://nagi.tw/en/topics/introduction/,B,same path; host/base redirect only,legacy-url-map.csv
https://seraphforge.github.io/notes.nagi.tw/en/topics/introduction/,https://nagi.tw/en/topics/introduction/,B,same path; host/base redirect only,legacy-url-map.csv
https://seraphforge.github.io/notes.nagi.tw/en/topics/journey,https://nagi.tw/en/topics/journey/,B,same path; host/base redirect only,legacy-url-map.csv
https://seraphforge.github.io/notes.nagi.tw/en/topics/journey/,https://nagi.tw/en/topics/journey/,B,same path; host/base redirect only,legacy-url-map.csv
https://seraphforge.github.io/notes.nagi.tw/en/topics/malware-analysis,https://nagi.tw/en/topics/malware-analysis/,B,same path; host/base redirect only,legacy-url-map.csv
https://seraphforge.github.io/notes.nagi.tw/en/topics/malware-analysis/,https://nagi.tw/en/topics/malware-analysis/,B,same path; host/base redirect only,legacy-url-map.csv
https://seraphforge.github.io/notes.nagi.tw/en/topics/medical-cybersecurity,https://nagi.tw/en/topics/medical-cybersecurity/,B,same path; host/base redirect only,legacy-url-map.csv
https://seraphforge.github.io/notes.nagi.tw/en/topics/medical-cybersecurity/,https://nagi.tw/en/topics/medical-cybersecurity/,B,same path; host/base redirect only,legacy-url-map.csv
https://seraphforge.github.io/notes.nagi.tw/en/topics/memories,https://nagi.tw/en/topics/memories/,B,same path; host/base redirect only,legacy-url-map.csv
https://seraphforge.github.io/notes.nagi.tw/en/topics/memories/,https://nagi.tw/en/topics/memories/,B,same path; host/base redirect only,legacy-url-map.csv
https://seraphforge.github.io/notes.nagi.tw/en/topics/my-story,https://nagi.tw/en/topics/my-story/,B,same path; host/base redirect only,legacy-url-map.csv
https://seraphforge.github.io/notes.nagi.tw/en/topics/my-story/,https://nagi.tw/en/topics/my-story/,B,same path; host/base redirect only,legacy-url-map.csv
https://seraphforge.github.io/notes.nagi.tw/en/topics/ot-security,https://nagi.tw/en/topics/ot-security/,B,same path; host/base redirect only,legacy-url-map.csv
https://seraphforge.github.io/notes.nagi.tw/en/topics/ot-security/,https://nagi.tw/en/topics/ot-security/,B,same path; host/base redirect only,legacy-url-map.csv
https://seraphforge.github.io/notes.nagi.tw/en/topics/personal,https://nagi.tw/en/topics/personal/,B,same path; host/base redirect only,legacy-url-map.csv
https://seraphforge.github.io/notes.nagi.tw/en/topics/personal/,https://nagi.tw/en/topics/personal/,B,same path; host/base redirect only,legacy-url-map.csv
https://seraphforge.github.io/notes.nagi.tw/en/topics/post-quantum-cryptography,https://nagi.tw/en/topics/post-quantum-cryptography/,B,same path; host/base redirect only,legacy-url-map.csv
https://seraphforge.github.io/notes.nagi.tw/en/topics/post-quantum-cryptography/,https://nagi.tw/en/topics/post-quantum-cryptography/,B,same path; host/base redirect only,legacy-url-map.csv
https://seraphforge.github.io/notes.nagi.tw/en/topics/projects,https://nagi.tw/en/topics/projects/,B,same path; host/base redirect only,legacy-url-map.csv
https://seraphforge.github.io/notes.nagi.tw/en/topics/projects/,https://nagi.tw/en/topics/projects/,B,same path; host/base redirect only,legacy-url-map.csv
https://seraphforge.github.io/notes.nagi.tw/en/topics/raspberry-pi,https://nagi.tw/en/topics/raspberry-pi/,B,same path; host/base redirect only,legacy-url-map.csv
https://seraphforge.github.io/notes.nagi.tw/en/topics/raspberry-pi/,https://nagi.tw/en/topics/raspberry-pi/,B,same path; host/base redirect only,legacy-url-map.csv
https://seraphforge.github.io/notes.nagi.tw/en/topics/reflection,https://nagi.tw/en/topics/reflection/,B,same path; host/base redirect only,legacy-url-map.csv
https://seraphforge.github.io/notes.nagi.tw/en/topics/reflection/,https://nagi.tw/en/topics/reflection/,B,same path; host/base redirect only,legacy-url-map.csv
https://seraphforge.github.io/notes.nagi.tw/en/topics/research,https://nagi.tw/en/topics/research/,B,same path; host/base redirect only,legacy-url-map.csv
https://seraphforge.github.io/notes.nagi.tw/en/topics/research/,https://nagi.tw/en/topics/research/,B,same path; host/base redirect only,legacy-url-map.csv
https://seraphforge.github.io/notes.nagi.tw/en/topics/responsible-security-culture,https://nagi.tw/en/topics/responsible-security-culture/,B,same path; host/base redirect only,legacy-url-map.csv
https://seraphforge.github.io/notes.nagi.tw/en/topics/responsible-security-culture/,https://nagi.tw/en/topics/responsible-security-culture/,B,same path; host/base redirect only,legacy-url-map.csv
https://seraphforge.github.io/notes.nagi.tw/en/topics/retail,https://nagi.tw/en/topics/retail/,B,same path; host/base redirect only,legacy-url-map.csv
https://seraphforge.github.io/notes.nagi.tw/en/topics/retail/,https://nagi.tw/en/topics/retail/,B,same path; host/base redirect only,legacy-url-map.csv
https://seraphforge.github.io/notes.nagi.tw/en/topics/robotics,https://nagi.tw/en/topics/robotics/,B,same path; host/base redirect only,legacy-url-map.csv
https://seraphforge.github.io/notes.nagi.tw/en/topics/robotics/,https://nagi.tw/en/topics/robotics/,B,same path; host/base redirect only,legacy-url-map.csv
https://seraphforge.github.io/notes.nagi.tw/en/topics/security,https://nagi.tw/en/topics/security/,B,same path; host/base redirect only,legacy-url-map.csv
https://seraphforge.github.io/notes.nagi.tw/en/topics/security-culture,https://nagi.tw/en/topics/security-culture/,B,same path; host/base redirect only,legacy-url-map.csv
https://seraphforge.github.io/notes.nagi.tw/en/topics/security-culture/,https://nagi.tw/en/topics/security-culture/,B,same path; host/base redirect only,legacy-url-map.csv
https://seraphforge.github.io/notes.nagi.tw/en/topics/security/,https://nagi.tw/en/topics/security/,B,same path; host/base redirect only,legacy-url-map.csv
https://seraphforge.github.io/notes.nagi.tw/en/topics/sme-security,https://nagi.tw/en/topics/sme-security/,B,same path; host/base redirect only,legacy-url-map.csv
https://seraphforge.github.io/notes.nagi.tw/en/topics/sme-security/,https://nagi.tw/en/topics/sme-security/,B,same path; host/base redirect only,legacy-url-map.csv
https://seraphforge.github.io/notes.nagi.tw/en/topics/soc,https://nagi.tw/en/topics/soc/,B,same path; host/base redirect only,legacy-url-map.csv
https://seraphforge.github.io/notes.nagi.tw/en/topics/soc/,https://nagi.tw/en/topics/soc/,B,same path; host/base redirect only,legacy-url-map.csv
https://seraphforge.github.io/notes.nagi.tw/en/topics/students,https://nagi.tw/en/topics/students/,B,same path; host/base redirect only,legacy-url-map.csv
https://seraphforge.github.io/notes.nagi.tw/en/topics/students/,https://nagi.tw/en/topics/students/,B,same path; host/base redirect only,legacy-url-map.csv
https://seraphforge.github.io/notes.nagi.tw/en/topics/windows-forensics,https://nagi.tw/en/topics/windows-forensics/,B,same path; host/base redirect only,legacy-url-map.csv
https://seraphforge.github.io/notes.nagi.tw/en/topics/windows-forensics/,https://nagi.tw/en/topics/windows-forensics/,B,same path; host/base redirect only,legacy-url-map.csv
https://seraphforge.github.io/notes.nagi.tw/en/topics/windows-malware,https://nagi.tw/en/topics/windows-malware/,B,same path; host/base redirect only,legacy-url-map.csv
https://seraphforge.github.io/notes.nagi.tw/en/topics/windows-malware/,https://nagi.tw/en/topics/windows-malware/,B,same path; host/base redirect only,legacy-url-map.csv
https://seraphforge.github.io/notes.nagi.tw/en/topics/wireshark,https://nagi.tw/en/topics/wireshark/,B,same path; host/base redirect only,legacy-url-map.csv
https://seraphforge.github.io/notes.nagi.tw/en/topics/wireshark/,https://nagi.tw/en/topics/wireshark/,B,same path; host/base redirect only,legacy-url-map.csv
https://seraphforge.github.io/notes.nagi.tw/en/topics/zero-trust,https://nagi.tw/en/topics/zero-trust/,B,same path; host/base redirect only,legacy-url-map.csv
https://seraphforge.github.io/notes.nagi.tw/en/topics/zero-trust/,https://nagi.tw/en/topics/zero-trust/,B,same path; host/base redirect only,legacy-url-map.csv
https://seraphforge.github.io/notes.nagi.tw/experience,https://nagi.tw/experience/,B,same path; host/base redirect only,legacy-url-map.csv
https://seraphforge.github.io/notes.nagi.tw/experience/,https://nagi.tw/experience/,B,same path; host/base redirect only,legacy-url-map.csv
https://seraphforge.github.io/notes.nagi.tw/ja,https://nagi.tw/ja/,B,same path; host/base redirect only,legacy-url-map.csv
https://seraphforge.github.io/notes.nagi.tw/ja/,https://nagi.tw/ja/,B,same path; host/base redirect only,legacy-url-map.csv
https://seraphforge.github.io/notes.nagi.tw/ja/about,https://nagi.tw/ja/about/,B,same path; host/base redirect only,legacy-url-map.csv
https://seraphforge.github.io/notes.nagi.tw/ja/about/,https://nagi.tw/ja/about/,B,same path; host/base redirect only,legacy-url-map.csv
https://seraphforge.github.io/notes.nagi.tw/ja/archive,https://nagi.tw/ja/archive/,B,same path; host/base redirect only,legacy-url-map.csv
https://seraphforge.github.io/notes.nagi.tw/ja/archive/,https://nagi.tw/ja/archive/,B,same path; host/base redirect only,legacy-url-map.csv
https://seraphforge.github.io/notes.nagi.tw/ja/articles,https://nagi.tw/ja/articles/,B,same path; host/base redirect only,legacy-url-map.csv
https://seraphforge.github.io/notes.nagi.tw/ja/articles/,https://nagi.tw/ja/articles/,B,same path; host/base redirect only,legacy-url-map.csv
https://seraphforge.github.io/notes.nagi.tw/ja/articles/2026-security-conference,https://nagi.tw/ja/articles/2026-security-conference/,B,same path; host/base redirect only,legacy-url-map.csv
https://seraphforge.github.io/notes.nagi.tw/ja/articles/2026-security-conference/,https://nagi.tw/ja/articles/2026-security-conference/,B,same path; host/base redirect only,legacy-url-map.csv
https://seraphforge.github.io/notes.nagi.tw/ja/articles/ctf-meets-malware-analysis-windows,https://nagi.tw/ja/articles/ctf-meets-malware-analysis-windows/,B,same path; host/base redirect only,legacy-url-map.csv
https://seraphforge.github.io/notes.nagi.tw/ja/articles/ctf-meets-malware-analysis-windows/,https://nagi.tw/ja/articles/ctf-meets-malware-analysis-windows/,B,same path; host/base redirect only,legacy-url-map.csv
https://seraphforge.github.io/notes.nagi.tw/ja/articles/first-hackathon-in-university,https://nagi.tw/ja/articles/first-hackathon-in-university/,B,same path; host/base redirect only,legacy-url-map.csv
https://seraphforge.github.io/notes.nagi.tw/ja/articles/first-hackathon-in-university/,https://nagi.tw/ja/articles/first-hackathon-in-university/,B,same path; host/base redirect only,legacy-url-map.csv
https://seraphforge.github.io/notes.nagi.tw/ja/articles/frc-engineering-team,https://nagi.tw/ja/articles/frc-engineering-team/,B,same path; host/base redirect only,legacy-url-map.csv
https://seraphforge.github.io/notes.nagi.tw/ja/articles/frc-engineering-team/,https://nagi.tw/ja/articles/frc-engineering-team/,B,same path; host/base redirect only,legacy-url-map.csv
https://seraphforge.github.io/notes.nagi.tw/ja/articles/infosec-taiwan-2026-student-industry-gap,https://nagi.tw/ja/articles/infosec-taiwan-2026-student-industry-gap/,B,same path; host/base redirect only,legacy-url-map.csv
https://seraphforge.github.io/notes.nagi.tw/ja/articles/infosec-taiwan-2026-student-industry-gap/,https://nagi.tw/ja/articles/infosec-taiwan-2026-student-industry-gap/,B,same path; host/base redirect only,legacy-url-map.csv
https://seraphforge.github.io/notes.nagi.tw/ja/articles/not-everyone-has-to-walk-the-same-road,https://nagi.tw/ja/articles/not-everyone-has-to-walk-the-same-road/,B,same path; host/base redirect only,legacy-url-map.csv
https://seraphforge.github.io/notes.nagi.tw/ja/articles/not-everyone-has-to-walk-the-same-road/,https://nagi.tw/ja/articles/not-everyone-has-to-walk-the-same-road/,B,same path; host/base redirect only,legacy-url-map.csv
https://seraphforge.github.io/notes.nagi.tw/ja/articles/nurse-made-me-rethink-medical-cybersecurity,https://nagi.tw/ja/articles/nurse-made-me-rethink-medical-cybersecurity/,B,same path; host/base redirect only,legacy-url-map.csv
https://seraphforge.github.io/notes.nagi.tw/ja/articles/nurse-made-me-rethink-medical-cybersecurity/,https://nagi.tw/ja/articles/nurse-made-me-rethink-medical-cybersecurity/,B,same path; host/base redirect only,legacy-url-map.csv
https://seraphforge.github.io/notes.nagi.tw/ja/articles/prologue-the-people-i-met-along-the-way,https://nagi.tw/ja/articles/prologue-the-people-i-met-along-the-way/,B,same path; host/base redirect only,legacy-url-map.csv
https://seraphforge.github.io/notes.nagi.tw/ja/articles/prologue-the-people-i-met-along-the-way/,https://nagi.tw/ja/articles/prologue-the-people-i-met-along-the-way/,B,same path; host/base redirect only,legacy-url-map.csv
https://seraphforge.github.io/notes.nagi.tw/ja/articles/recent-projects-and-life-update,https://nagi.tw/ja/articles/recent-projects-and-life-update/,B,same path; host/base redirect only,legacy-url-map.csv
https://seraphforge.github.io/notes.nagi.tw/ja/articles/recent-projects-and-life-update/,https://nagi.tw/ja/articles/recent-projects-and-life-update/,B,same path; host/base redirect only,legacy-url-map.csv
https://seraphforge.github.io/notes.nagi.tw/ja/articles/retail-work-sme-security-culture,https://nagi.tw/ja/articles/retail-work-sme-security-culture/,B,same path; host/base redirect only,legacy-url-map.csv
https://seraphforge.github.io/notes.nagi.tw/ja/articles/retail-work-sme-security-culture/,https://nagi.tw/ja/articles/retail-work-sme-security-culture/,B,same path; host/base redirect only,legacy-url-map.csv
https://seraphforge.github.io/notes.nagi.tw/ja/articles/ten-years-from-now-dont-forget-who-you-are-now,https://nagi.tw/ja/articles/ten-years-from-now-dont-forget-who-you-are-now/,B,same path; host/base redirect only,legacy-url-map.csv
https://seraphforge.github.io/notes.nagi.tw/ja/articles/ten-years-from-now-dont-forget-who-you-are-now/,https://nagi.tw/ja/articles/ten-years-from-now-dont-forget-who-you-are-now/,B,same path; host/base redirect only,legacy-url-map.csv
https://seraphforge.github.io/notes.nagi.tw/ja/experience,https://nagi.tw/ja/experience/,B,same path; host/base redirect only,legacy-url-map.csv
https://seraphforge.github.io/notes.nagi.tw/ja/experience/,https://nagi.tw/ja/experience/,B,same path; host/base redirect only,legacy-url-map.csv
https://seraphforge.github.io/notes.nagi.tw/ja/topics,https://nagi.tw/ja/topics/,B,same path; host/base redirect only,legacy-url-map.csv
https://seraphforge.github.io/notes.nagi.tw/ja/topics/,https://nagi.tw/ja/topics/,B,same path; host/base redirect only,legacy-url-map.csv
https://seraphforge.github.io/notes.nagi.tw/ja/topics/%E8%BF%91%E6%B3%81,https://nagi.tw/ja/topics/%E8%BF%91%E6%B3%81/,B,same path; host/base redirect only,legacy-url-map.csv
https://seraphforge.github.io/notes.nagi.tw/ja/topics/%E8%BF%91%E6%B3%81/,https://nagi.tw/ja/topics/%E8%BF%91%E6%B3%81/,B,same path; host/base redirect only,legacy-url-map.csv
https://seraphforge.github.io/notes.nagi.tw/ja/topics/2026-cybersecurity-conference,https://nagi.tw/ja/topics/2026-cybersecurity-conference/,B,same path; host/base redirect only,legacy-url-map.csv
https://seraphforge.github.io/notes.nagi.tw/ja/topics/2026-cybersecurity-conference/,https://nagi.tw/ja/topics/2026-cybersecurity-conference/,B,same path; host/base redirect only,legacy-url-map.csv
https://seraphforge.github.io/notes.nagi.tw/ja/topics/ai,https://nagi.tw/ja/topics/ai/,B,same path; host/base redirect only,legacy-url-map.csv
https://seraphforge.github.io/notes.nagi.tw/ja/topics/ai-security,https://nagi.tw/ja/topics/ai-security/,B,same path; host/base redirect only,legacy-url-map.csv
https://seraphforge.github.io/notes.nagi.tw/ja/topics/ai-security/,https://nagi.tw/ja/topics/ai-security/,B,same path; host/base redirect only,legacy-url-map.csv
https://seraphforge.github.io/notes.nagi.tw/ja/topics/ai-soc,https://nagi.tw/ja/topics/ai-soc/,B,same path; host/base redirect only,legacy-url-map.csv
https://seraphforge.github.io/notes.nagi.tw/ja/topics/ai-soc/,https://nagi.tw/ja/topics/ai-soc/,B,same path; host/base redirect only,legacy-url-map.csv
https://seraphforge.github.io/notes.nagi.tw/ja/topics/ai/,https://nagi.tw/ja/topics/ai/,B,same path; host/base redirect only,legacy-url-map.csv
https://seraphforge.github.io/notes.nagi.tw/ja/topics/blue-team,https://nagi.tw/ja/topics/blue-team/,B,same path; host/base redirect only,legacy-url-map.csv
https://seraphforge.github.io/notes.nagi.tw/ja/topics/blue-team/,https://nagi.tw/ja/topics/blue-team/,B,same path; host/base redirect only,legacy-url-map.csv
https://seraphforge.github.io/notes.nagi.tw/ja/topics/career,https://nagi.tw/ja/topics/career/,B,same path; host/base redirect only,legacy-url-map.csv
https://seraphforge.github.io/notes.nagi.tw/ja/topics/career/,https://nagi.tw/ja/topics/career/,B,same path; host/base redirect only,legacy-url-map.csv
https://seraphforge.github.io/notes.nagi.tw/ja/topics/choices,https://nagi.tw/ja/topics/choices/,B,same path; host/base redirect only,legacy-url-map.csv
https://seraphforge.github.io/notes.nagi.tw/ja/topics/choices/,https://nagi.tw/ja/topics/choices/,B,same path; host/base redirect only,legacy-url-map.csv
https://seraphforge.github.io/notes.nagi.tw/ja/topics/competition,https://nagi.tw/ja/topics/competition/,B,same path; host/base redirect only,legacy-url-map.csv
https://seraphforge.github.io/notes.nagi.tw/ja/topics/competition/,https://nagi.tw/ja/topics/competition/,B,same path; host/base redirect only,legacy-url-map.csv
https://seraphforge.github.io/notes.nagi.tw/ja/topics/compliance,https://nagi.tw/ja/topics/compliance/,B,same path; host/base redirect only,legacy-url-map.csv
https://seraphforge.github.io/notes.nagi.tw/ja/topics/compliance/,https://nagi.tw/ja/topics/compliance/,B,same path; host/base redirect only,legacy-url-map.csv
https://seraphforge.github.io/notes.nagi.tw/ja/topics/ctf,https://nagi.tw/ja/topics/ctf/,B,same path; host/base redirect only,legacy-url-map.csv
https://seraphforge.github.io/notes.nagi.tw/ja/topics/ctf/,https://nagi.tw/ja/topics/ctf/,B,same path; host/base redirect only,legacy-url-map.csv
https://seraphforge.github.io/notes.nagi.tw/ja/topics/cybersec,https://nagi.tw/ja/topics/cybersec/,B,same path; host/base redirect only,legacy-url-map.csv
https://seraphforge.github.io/notes.nagi.tw/ja/topics/cybersec/,https://nagi.tw/ja/topics/cybersec/,B,same path; host/base redirect only,legacy-url-map.csv
https://seraphforge.github.io/notes.nagi.tw/ja/topics/cybersecurity,https://nagi.tw/ja/topics/cybersecurity/,B,same path; host/base redirect only,legacy-url-map.csv
https://seraphforge.github.io/notes.nagi.tw/ja/topics/cybersecurity/,https://nagi.tw/ja/topics/cybersecurity/,B,same path; host/base redirect only,legacy-url-map.csv
https://seraphforge.github.io/notes.nagi.tw/ja/topics/dfir,https://nagi.tw/ja/topics/dfir/,B,same path; host/base redirect only,legacy-url-map.csv
https://seraphforge.github.io/notes.nagi.tw/ja/topics/dfir/,https://nagi.tw/ja/topics/dfir/,B,same path; host/base redirect only,legacy-url-map.csv
https://seraphforge.github.io/notes.nagi.tw/ja/topics/edge-ai,https://nagi.tw/ja/topics/edge-ai/,B,same path; host/base redirect only,legacy-url-map.csv
https://seraphforge.github.io/notes.nagi.tw/ja/topics/edge-ai/,https://nagi.tw/ja/topics/edge-ai/,B,same path; host/base redirect only,legacy-url-map.csv
https://seraphforge.github.io/notes.nagi.tw/ja/topics/engineering,https://nagi.tw/ja/topics/engineering/,B,same path; host/base redirect only,legacy-url-map.csv
https://seraphforge.github.io/notes.nagi.tw/ja/topics/engineering/,https://nagi.tw/ja/topics/engineering/,B,same path; host/base redirect only,legacy-url-map.csv
https://seraphforge.github.io/notes.nagi.tw/ja/topics/financial-security,https://nagi.tw/ja/topics/financial-security/,B,same path; host/base redirect only,legacy-url-map.csv
https://seraphforge.github.io/notes.nagi.tw/ja/topics/financial-security/,https://nagi.tw/ja/topics/financial-security/,B,same path; host/base redirect only,legacy-url-map.csv
https://seraphforge.github.io/notes.nagi.tw/ja/topics/frc,https://nagi.tw/ja/topics/frc/,B,same path; host/base redirect only,legacy-url-map.csv
https://seraphforge.github.io/notes.nagi.tw/ja/topics/frc/,https://nagi.tw/ja/topics/frc/,B,same path; host/base redirect only,legacy-url-map.csv
https://seraphforge.github.io/notes.nagi.tw/ja/topics/future,https://nagi.tw/ja/topics/future/,B,same path; host/base redirect only,legacy-url-map.csv
https://seraphforge.github.io/notes.nagi.tw/ja/topics/future/,https://nagi.tw/ja/topics/future/,B,same path; host/base redirect only,legacy-url-map.csv
https://seraphforge.github.io/notes.nagi.tw/ja/topics/growth,https://nagi.tw/ja/topics/growth/,B,same path; host/base redirect only,legacy-url-map.csv
https://seraphforge.github.io/notes.nagi.tw/ja/topics/growth/,https://nagi.tw/ja/topics/growth/,B,same path; host/base redirect only,legacy-url-map.csv
https://seraphforge.github.io/notes.nagi.tw/ja/topics/healthcare,https://nagi.tw/ja/topics/healthcare/,B,same path; host/base redirect only,legacy-url-map.csv
https://seraphforge.github.io/notes.nagi.tw/ja/topics/healthcare-medical-iot,https://nagi.tw/ja/topics/healthcare-medical-iot/,B,same path; host/base redirect only,legacy-url-map.csv
https://seraphforge.github.io/notes.nagi.tw/ja/topics/healthcare-medical-iot/,https://nagi.tw/ja/topics/healthcare-medical-iot/,B,same path; host/base redirect only,legacy-url-map.csv
https://seraphforge.github.io/notes.nagi.tw/ja/topics/healthcare/,https://nagi.tw/ja/topics/healthcare/,B,same path; host/base redirect only,legacy-url-map.csv
https://seraphforge.github.io/notes.nagi.tw/ja/topics/high-school-life,https://nagi.tw/ja/topics/high-school-life/,B,same path; host/base redirect only,legacy-url-map.csv
https://seraphforge.github.io/notes.nagi.tw/ja/topics/high-school-life/,https://nagi.tw/ja/topics/high-school-life/,B,same path; host/base redirect only,legacy-url-map.csv
https://seraphforge.github.io/notes.nagi.tw/ja/topics/homelab,https://nagi.tw/ja/topics/homelab/,B,same path; host/base redirect only,legacy-url-map.csv
https://seraphforge.github.io/notes.nagi.tw/ja/topics/homelab/,https://nagi.tw/ja/topics/homelab/,B,same path; host/base redirect only,legacy-url-map.csv
https://seraphforge.github.io/notes.nagi.tw/ja/topics/incident-response,https://nagi.tw/ja/topics/incident-response/,B,same path; host/base redirect only,legacy-url-map.csv
https://seraphforge.github.io/notes.nagi.tw/ja/topics/incident-response/,https://nagi.tw/ja/topics/incident-response/,B,same path; host/base redirect only,legacy-url-map.csv
https://seraphforge.github.io/notes.nagi.tw/ja/topics/infosec-taiwan,https://nagi.tw/ja/topics/infosec-taiwan/,B,same path; host/base redirect only,legacy-url-map.csv
https://seraphforge.github.io/notes.nagi.tw/ja/topics/infosec-taiwan/,https://nagi.tw/ja/topics/infosec-taiwan/,B,same path; host/base redirect only,legacy-url-map.csv
https://seraphforge.github.io/notes.nagi.tw/ja/topics/introduction,https://nagi.tw/ja/topics/introduction/,B,same path; host/base redirect only,legacy-url-map.csv
https://seraphforge.github.io/notes.nagi.tw/ja/topics/introduction/,https://nagi.tw/ja/topics/introduction/,B,same path; host/base redirect only,legacy-url-map.csv
https://seraphforge.github.io/notes.nagi.tw/ja/topics/journey,https://nagi.tw/ja/topics/journey/,B,same path; host/base redirect only,legacy-url-map.csv
https://seraphforge.github.io/notes.nagi.tw/ja/topics/journey/,https://nagi.tw/ja/topics/journey/,B,same path; host/base redirect only,legacy-url-map.csv
https://seraphforge.github.io/notes.nagi.tw/ja/topics/malware-analysis,https://nagi.tw/ja/topics/malware-analysis/,B,same path; host/base redirect only,legacy-url-map.csv
https://seraphforge.github.io/notes.nagi.tw/ja/topics/malware-analysis/,https://nagi.tw/ja/topics/malware-analysis/,B,same path; host/base redirect only,legacy-url-map.csv
https://seraphforge.github.io/notes.nagi.tw/ja/topics/medical-cybersecurity,https://nagi.tw/ja/topics/medical-cybersecurity/,B,same path; host/base redirect only,legacy-url-map.csv
https://seraphforge.github.io/notes.nagi.tw/ja/topics/medical-cybersecurity/,https://nagi.tw/ja/topics/medical-cybersecurity/,B,same path; host/base redirect only,legacy-url-map.csv
https://seraphforge.github.io/notes.nagi.tw/ja/topics/memories,https://nagi.tw/ja/topics/memories/,B,same path; host/base redirect only,legacy-url-map.csv
https://seraphforge.github.io/notes.nagi.tw/ja/topics/memories/,https://nagi.tw/ja/topics/memories/,B,same path; host/base redirect only,legacy-url-map.csv
https://seraphforge.github.io/notes.nagi.tw/ja/topics/my-story,https://nagi.tw/ja/topics/my-story/,B,same path; host/base redirect only,legacy-url-map.csv
https://seraphforge.github.io/notes.nagi.tw/ja/topics/my-story/,https://nagi.tw/ja/topics/my-story/,B,same path; host/base redirect only,legacy-url-map.csv
https://seraphforge.github.io/notes.nagi.tw/ja/topics/ot-security,https://nagi.tw/ja/topics/ot-security/,B,same path; host/base redirect only,legacy-url-map.csv
https://seraphforge.github.io/notes.nagi.tw/ja/topics/ot-security/,https://nagi.tw/ja/topics/ot-security/,B,same path; host/base redirect only,legacy-url-map.csv
https://seraphforge.github.io/notes.nagi.tw/ja/topics/personal,https://nagi.tw/ja/topics/personal/,B,same path; host/base redirect only,legacy-url-map.csv
https://seraphforge.github.io/notes.nagi.tw/ja/topics/personal/,https://nagi.tw/ja/topics/personal/,B,same path; host/base redirect only,legacy-url-map.csv
https://seraphforge.github.io/notes.nagi.tw/ja/topics/post-quantum-cryptography,https://nagi.tw/ja/topics/post-quantum-cryptography/,B,same path; host/base redirect only,legacy-url-map.csv
https://seraphforge.github.io/notes.nagi.tw/ja/topics/post-quantum-cryptography/,https://nagi.tw/ja/topics/post-quantum-cryptography/,B,same path; host/base redirect only,legacy-url-map.csv
https://seraphforge.github.io/notes.nagi.tw/ja/topics/projects,https://nagi.tw/ja/topics/projects/,B,same path; host/base redirect only,legacy-url-map.csv
https://seraphforge.github.io/notes.nagi.tw/ja/topics/projects/,https://nagi.tw/ja/topics/projects/,B,same path; host/base redirect only,legacy-url-map.csv
https://seraphforge.github.io/notes.nagi.tw/ja/topics/raspberry-pi,https://nagi.tw/ja/topics/raspberry-pi/,B,same path; host/base redirect only,legacy-url-map.csv
https://seraphforge.github.io/notes.nagi.tw/ja/topics/raspberry-pi/,https://nagi.tw/ja/topics/raspberry-pi/,B,same path; host/base redirect only,legacy-url-map.csv
https://seraphforge.github.io/notes.nagi.tw/ja/topics/reflection,https://nagi.tw/ja/topics/reflection/,B,same path; host/base redirect only,legacy-url-map.csv
https://seraphforge.github.io/notes.nagi.tw/ja/topics/reflection/,https://nagi.tw/ja/topics/reflection/,B,same path; host/base redirect only,legacy-url-map.csv
https://seraphforge.github.io/notes.nagi.tw/ja/topics/research,https://nagi.tw/ja/topics/research/,B,same path; host/base redirect only,legacy-url-map.csv
https://seraphforge.github.io/notes.nagi.tw/ja/topics/research/,https://nagi.tw/ja/topics/research/,B,same path; host/base redirect only,legacy-url-map.csv
https://seraphforge.github.io/notes.nagi.tw/ja/topics/responsible-security-culture,https://nagi.tw/ja/topics/responsible-security-culture/,B,same path; host/base redirect only,legacy-url-map.csv
https://seraphforge.github.io/notes.nagi.tw/ja/topics/responsible-security-culture/,https://nagi.tw/ja/topics/responsible-security-culture/,B,same path; host/base redirect only,legacy-url-map.csv
https://seraphforge.github.io/notes.nagi.tw/ja/topics/retail,https://nagi.tw/ja/topics/retail/,B,same path; host/base redirect only,legacy-url-map.csv
https://seraphforge.github.io/notes.nagi.tw/ja/topics/retail/,https://nagi.tw/ja/topics/retail/,B,same path; host/base redirect only,legacy-url-map.csv
https://seraphforge.github.io/notes.nagi.tw/ja/topics/robotics,https://nagi.tw/ja/topics/robotics/,B,same path; host/base redirect only,legacy-url-map.csv
https://seraphforge.github.io/notes.nagi.tw/ja/topics/robotics/,https://nagi.tw/ja/topics/robotics/,B,same path; host/base redirect only,legacy-url-map.csv
https://seraphforge.github.io/notes.nagi.tw/ja/topics/security,https://nagi.tw/ja/topics/security/,B,same path; host/base redirect only,legacy-url-map.csv
https://seraphforge.github.io/notes.nagi.tw/ja/topics/security-culture,https://nagi.tw/ja/topics/security-culture/,B,same path; host/base redirect only,legacy-url-map.csv
https://seraphforge.github.io/notes.nagi.tw/ja/topics/security-culture/,https://nagi.tw/ja/topics/security-culture/,B,same path; host/base redirect only,legacy-url-map.csv
https://seraphforge.github.io/notes.nagi.tw/ja/topics/security/,https://nagi.tw/ja/topics/security/,B,same path; host/base redirect only,legacy-url-map.csv
https://seraphforge.github.io/notes.nagi.tw/ja/topics/sme-security,https://nagi.tw/ja/topics/sme-security/,B,same path; host/base redirect only,legacy-url-map.csv
https://seraphforge.github.io/notes.nagi.tw/ja/topics/sme-security/,https://nagi.tw/ja/topics/sme-security/,B,same path; host/base redirect only,legacy-url-map.csv
https://seraphforge.github.io/notes.nagi.tw/ja/topics/soc,https://nagi.tw/ja/topics/soc/,B,same path; host/base redirect only,legacy-url-map.csv
https://seraphforge.github.io/notes.nagi.tw/ja/topics/soc/,https://nagi.tw/ja/topics/soc/,B,same path; host/base redirect only,legacy-url-map.csv
https://seraphforge.github.io/notes.nagi.tw/ja/topics/students,https://nagi.tw/ja/topics/students/,B,same path; host/base redirect only,legacy-url-map.csv
https://seraphforge.github.io/notes.nagi.tw/ja/topics/students/,https://nagi.tw/ja/topics/students/,B,same path; host/base redirect only,legacy-url-map.csv
https://seraphforge.github.io/notes.nagi.tw/ja/topics/windows-forensics,https://nagi.tw/ja/topics/windows-forensics/,B,same path; host/base redirect only,legacy-url-map.csv
https://seraphforge.github.io/notes.nagi.tw/ja/topics/windows-forensics/,https://nagi.tw/ja/topics/windows-forensics/,B,same path; host/base redirect only,legacy-url-map.csv
https://seraphforge.github.io/notes.nagi.tw/ja/topics/windows-malware,https://nagi.tw/ja/topics/windows-malware/,B,same path; host/base redirect only,legacy-url-map.csv
https://seraphforge.github.io/notes.nagi.tw/ja/topics/windows-malware/,https://nagi.tw/ja/topics/windows-malware/,B,same path; host/base redirect only,legacy-url-map.csv
https://seraphforge.github.io/notes.nagi.tw/ja/topics/wireshark,https://nagi.tw/ja/topics/wireshark/,B,same path; host/base redirect only,legacy-url-map.csv
https://seraphforge.github.io/notes.nagi.tw/ja/topics/wireshark/,https://nagi.tw/ja/topics/wireshark/,B,same path; host/base redirect only,legacy-url-map.csv
https://seraphforge.github.io/notes.nagi.tw/ja/topics/zero-trust,https://nagi.tw/ja/topics/zero-trust/,B,same path; host/base redirect only,legacy-url-map.csv
https://seraphforge.github.io/notes.nagi.tw/ja/topics/zero-trust/,https://nagi.tw/ja/topics/zero-trust/,B,same path; host/base redirect only,legacy-url-map.csv
https://seraphforge.github.io/notes.nagi.tw/robots.txt,https://nagi.tw/robots.txt,B,same path; host/base redirect only,legacy-url-map.csv
https://seraphforge.github.io/notes.nagi.tw/rss.xml,https://nagi.tw/rss.xml,B,same path; host/base redirect only,legacy-url-map.csv
https://seraphforge.github.io/notes.nagi.tw/search-index.json,https://nagi.tw/search-index.json,B,same path; host/base redirect only,legacy-url-map.csv
https://seraphforge.github.io/notes.nagi.tw/sitemap-0.xml,https://nagi.tw/sitemap-0.xml,B,same path; host/base redirect only,legacy-url-map.csv
https://seraphforge.github.io/notes.nagi.tw/sitemap-index.xml,https://nagi.tw/sitemap-index.xml,B,same path; host/base redirect only,legacy-url-map.csv
https://seraphforge.github.io/notes.nagi.tw/topics,https://nagi.tw/topics/,B,same path; host/base redirect only,legacy-url-map.csv
https://seraphforge.github.io/notes.nagi.tw/topics/,https://nagi.tw/topics/,B,same path; host/base redirect only,legacy-url-map.csv
https://seraphforge.github.io/notes.nagi.tw/topics/%E8%BF%91%E6%B3%81,https://nagi.tw/topics/%E8%BF%91%E6%B3%81/,B,same path; host/base redirect only,legacy-url-map.csv
https://seraphforge.github.io/notes.nagi.tw/topics/%E8%BF%91%E6%B3%81/,https://nagi.tw/topics/%E8%BF%91%E6%B3%81/,B,same path; host/base redirect only,legacy-url-map.csv
https://seraphforge.github.io/notes.nagi.tw/topics/2026-cybersecurity-conference,https://nagi.tw/topics/2026-cybersecurity-conference/,B,same path; host/base redirect only,legacy-url-map.csv
https://seraphforge.github.io/notes.nagi.tw/topics/2026-cybersecurity-conference/,https://nagi.tw/topics/2026-cybersecurity-conference/,B,same path; host/base redirect only,legacy-url-map.csv
https://seraphforge.github.io/notes.nagi.tw/topics/ai,https://nagi.tw/topics/ai/,B,same path; host/base redirect only,legacy-url-map.csv
https://seraphforge.github.io/notes.nagi.tw/topics/ai-security,https://nagi.tw/topics/ai-security/,B,same path; host/base redirect only,legacy-url-map.csv
https://seraphforge.github.io/notes.nagi.tw/topics/ai-security/,https://nagi.tw/topics/ai-security/,B,same path; host/base redirect only,legacy-url-map.csv
https://seraphforge.github.io/notes.nagi.tw/topics/ai-soc,https://nagi.tw/topics/ai-soc/,B,same path; host/base redirect only,legacy-url-map.csv
https://seraphforge.github.io/notes.nagi.tw/topics/ai-soc/,https://nagi.tw/topics/ai-soc/,B,same path; host/base redirect only,legacy-url-map.csv
https://seraphforge.github.io/notes.nagi.tw/topics/ai/,https://nagi.tw/topics/ai/,B,same path; host/base redirect only,legacy-url-map.csv
https://seraphforge.github.io/notes.nagi.tw/topics/blue-team,https://nagi.tw/topics/blue-team/,B,same path; host/base redirect only,legacy-url-map.csv
https://seraphforge.github.io/notes.nagi.tw/topics/blue-team/,https://nagi.tw/topics/blue-team/,B,same path; host/base redirect only,legacy-url-map.csv
https://seraphforge.github.io/notes.nagi.tw/topics/career,https://nagi.tw/topics/career/,B,same path; host/base redirect only,legacy-url-map.csv
https://seraphforge.github.io/notes.nagi.tw/topics/career/,https://nagi.tw/topics/career/,B,same path; host/base redirect only,legacy-url-map.csv
https://seraphforge.github.io/notes.nagi.tw/topics/choices,https://nagi.tw/topics/choices/,B,same path; host/base redirect only,legacy-url-map.csv
https://seraphforge.github.io/notes.nagi.tw/topics/choices/,https://nagi.tw/topics/choices/,B,same path; host/base redirect only,legacy-url-map.csv
https://seraphforge.github.io/notes.nagi.tw/topics/competition,https://nagi.tw/topics/competition/,B,same path; host/base redirect only,legacy-url-map.csv
https://seraphforge.github.io/notes.nagi.tw/topics/competition/,https://nagi.tw/topics/competition/,B,same path; host/base redirect only,legacy-url-map.csv
https://seraphforge.github.io/notes.nagi.tw/topics/compliance,https://nagi.tw/topics/compliance/,B,same path; host/base redirect only,legacy-url-map.csv
https://seraphforge.github.io/notes.nagi.tw/topics/compliance/,https://nagi.tw/topics/compliance/,B,same path; host/base redirect only,legacy-url-map.csv
https://seraphforge.github.io/notes.nagi.tw/topics/ctf,https://nagi.tw/topics/ctf/,B,same path; host/base redirect only,legacy-url-map.csv
https://seraphforge.github.io/notes.nagi.tw/topics/ctf/,https://nagi.tw/topics/ctf/,B,same path; host/base redirect only,legacy-url-map.csv
https://seraphforge.github.io/notes.nagi.tw/topics/cybersec,https://nagi.tw/topics/cybersec/,B,same path; host/base redirect only,legacy-url-map.csv
https://seraphforge.github.io/notes.nagi.tw/topics/cybersec/,https://nagi.tw/topics/cybersec/,B,same path; host/base redirect only,legacy-url-map.csv
https://seraphforge.github.io/notes.nagi.tw/topics/cybersecurity,https://nagi.tw/topics/cybersecurity/,B,same path; host/base redirect only,legacy-url-map.csv
https://seraphforge.github.io/notes.nagi.tw/topics/cybersecurity/,https://nagi.tw/topics/cybersecurity/,B,same path; host/base redirect only,legacy-url-map.csv
https://seraphforge.github.io/notes.nagi.tw/topics/dfir,https://nagi.tw/topics/dfir/,B,same path; host/base redirect only,legacy-url-map.csv
https://seraphforge.github.io/notes.nagi.tw/topics/dfir/,https://nagi.tw/topics/dfir/,B,same path; host/base redirect only,legacy-url-map.csv
https://seraphforge.github.io/notes.nagi.tw/topics/edge-ai,https://nagi.tw/topics/edge-ai/,B,same path; host/base redirect only,legacy-url-map.csv
https://seraphforge.github.io/notes.nagi.tw/topics/edge-ai/,https://nagi.tw/topics/edge-ai/,B,same path; host/base redirect only,legacy-url-map.csv
https://seraphforge.github.io/notes.nagi.tw/topics/engineering,https://nagi.tw/topics/engineering/,B,same path; host/base redirect only,legacy-url-map.csv
https://seraphforge.github.io/notes.nagi.tw/topics/engineering/,https://nagi.tw/topics/engineering/,B,same path; host/base redirect only,legacy-url-map.csv
https://seraphforge.github.io/notes.nagi.tw/topics/financial-security,https://nagi.tw/topics/financial-security/,B,same path; host/base redirect only,legacy-url-map.csv
https://seraphforge.github.io/notes.nagi.tw/topics/financial-security/,https://nagi.tw/topics/financial-security/,B,same path; host/base redirect only,legacy-url-map.csv
https://seraphforge.github.io/notes.nagi.tw/topics/frc,https://nagi.tw/topics/frc/,B,same path; host/base redirect only,legacy-url-map.csv
https://seraphforge.github.io/notes.nagi.tw/topics/frc/,https://nagi.tw/topics/frc/,B,same path; host/base redirect only,legacy-url-map.csv
https://seraphforge.github.io/notes.nagi.tw/topics/future,https://nagi.tw/topics/future/,B,same path; host/base redirect only,legacy-url-map.csv
https://seraphforge.github.io/notes.nagi.tw/topics/future/,https://nagi.tw/topics/future/,B,same path; host/base redirect only,legacy-url-map.csv
https://seraphforge.github.io/notes.nagi.tw/topics/growth,https://nagi.tw/topics/growth/,B,same path; host/base redirect only,legacy-url-map.csv
https://seraphforge.github.io/notes.nagi.tw/topics/growth/,https://nagi.tw/topics/growth/,B,same path; host/base redirect only,legacy-url-map.csv
https://seraphforge.github.io/notes.nagi.tw/topics/healthcare,https://nagi.tw/topics/healthcare/,B,same path; host/base redirect only,legacy-url-map.csv
https://seraphforge.github.io/notes.nagi.tw/topics/healthcare-medical-iot,https://nagi.tw/topics/healthcare-medical-iot/,B,same path; host/base redirect only,legacy-url-map.csv
https://seraphforge.github.io/notes.nagi.tw/topics/healthcare-medical-iot/,https://nagi.tw/topics/healthcare-medical-iot/,B,same path; host/base redirect only,legacy-url-map.csv
https://seraphforge.github.io/notes.nagi.tw/topics/healthcare/,https://nagi.tw/topics/healthcare/,B,same path; host/base redirect only,legacy-url-map.csv
https://seraphforge.github.io/notes.nagi.tw/topics/high-school-life,https://nagi.tw/topics/high-school-life/,B,same path; host/base redirect only,legacy-url-map.csv
https://seraphforge.github.io/notes.nagi.tw/topics/high-school-life/,https://nagi.tw/topics/high-school-life/,B,same path; host/base redirect only,legacy-url-map.csv
https://seraphforge.github.io/notes.nagi.tw/topics/homelab,https://nagi.tw/topics/homelab/,B,same path; host/base redirect only,legacy-url-map.csv
https://seraphforge.github.io/notes.nagi.tw/topics/homelab/,https://nagi.tw/topics/homelab/,B,same path; host/base redirect only,legacy-url-map.csv
https://seraphforge.github.io/notes.nagi.tw/topics/incident-response,https://nagi.tw/topics/incident-response/,B,same path; host/base redirect only,legacy-url-map.csv
https://seraphforge.github.io/notes.nagi.tw/topics/incident-response/,https://nagi.tw/topics/incident-response/,B,same path; host/base redirect only,legacy-url-map.csv
https://seraphforge.github.io/notes.nagi.tw/topics/infosec-taiwan,https://nagi.tw/topics/infosec-taiwan/,B,same path; host/base redirect only,legacy-url-map.csv
https://seraphforge.github.io/notes.nagi.tw/topics/infosec-taiwan/,https://nagi.tw/topics/infosec-taiwan/,B,same path; host/base redirect only,legacy-url-map.csv
https://seraphforge.github.io/notes.nagi.tw/topics/introduction,https://nagi.tw/topics/introduction/,B,same path; host/base redirect only,legacy-url-map.csv
https://seraphforge.github.io/notes.nagi.tw/topics/introduction/,https://nagi.tw/topics/introduction/,B,same path; host/base redirect only,legacy-url-map.csv
https://seraphforge.github.io/notes.nagi.tw/topics/journey,https://nagi.tw/topics/journey/,B,same path; host/base redirect only,legacy-url-map.csv
https://seraphforge.github.io/notes.nagi.tw/topics/journey/,https://nagi.tw/topics/journey/,B,same path; host/base redirect only,legacy-url-map.csv
https://seraphforge.github.io/notes.nagi.tw/topics/malware-analysis,https://nagi.tw/topics/malware-analysis/,B,same path; host/base redirect only,legacy-url-map.csv
https://seraphforge.github.io/notes.nagi.tw/topics/malware-analysis/,https://nagi.tw/topics/malware-analysis/,B,same path; host/base redirect only,legacy-url-map.csv
https://seraphforge.github.io/notes.nagi.tw/topics/medical-cybersecurity,https://nagi.tw/topics/medical-cybersecurity/,B,same path; host/base redirect only,legacy-url-map.csv
https://seraphforge.github.io/notes.nagi.tw/topics/medical-cybersecurity/,https://nagi.tw/topics/medical-cybersecurity/,B,same path; host/base redirect only,legacy-url-map.csv
https://seraphforge.github.io/notes.nagi.tw/topics/memories,https://nagi.tw/topics/memories/,B,same path; host/base redirect only,legacy-url-map.csv
https://seraphforge.github.io/notes.nagi.tw/topics/memories/,https://nagi.tw/topics/memories/,B,same path; host/base redirect only,legacy-url-map.csv
https://seraphforge.github.io/notes.nagi.tw/topics/my-story,https://nagi.tw/topics/my-story/,B,same path; host/base redirect only,legacy-url-map.csv
https://seraphforge.github.io/notes.nagi.tw/topics/my-story/,https://nagi.tw/topics/my-story/,B,same path; host/base redirect only,legacy-url-map.csv
https://seraphforge.github.io/notes.nagi.tw/topics/ot-security,https://nagi.tw/topics/ot-security/,B,same path; host/base redirect only,legacy-url-map.csv
https://seraphforge.github.io/notes.nagi.tw/topics/ot-security/,https://nagi.tw/topics/ot-security/,B,same path; host/base redirect only,legacy-url-map.csv
https://seraphforge.github.io/notes.nagi.tw/topics/personal,https://nagi.tw/topics/personal/,B,same path; host/base redirect only,legacy-url-map.csv
https://seraphforge.github.io/notes.nagi.tw/topics/personal/,https://nagi.tw/topics/personal/,B,same path; host/base redirect only,legacy-url-map.csv
https://seraphforge.github.io/notes.nagi.tw/topics/post-quantum-cryptography,https://nagi.tw/topics/post-quantum-cryptography/,B,same path; host/base redirect only,legacy-url-map.csv
https://seraphforge.github.io/notes.nagi.tw/topics/post-quantum-cryptography/,https://nagi.tw/topics/post-quantum-cryptography/,B,same path; host/base redirect only,legacy-url-map.csv
https://seraphforge.github.io/notes.nagi.tw/topics/projects,https://nagi.tw/topics/projects/,B,same path; host/base redirect only,legacy-url-map.csv
https://seraphforge.github.io/notes.nagi.tw/topics/projects/,https://nagi.tw/topics/projects/,B,same path; host/base redirect only,legacy-url-map.csv
https://seraphforge.github.io/notes.nagi.tw/topics/raspberry-pi,https://nagi.tw/topics/raspberry-pi/,B,same path; host/base redirect only,legacy-url-map.csv
https://seraphforge.github.io/notes.nagi.tw/topics/raspberry-pi/,https://nagi.tw/topics/raspberry-pi/,B,same path; host/base redirect only,legacy-url-map.csv
https://seraphforge.github.io/notes.nagi.tw/topics/reflection,https://nagi.tw/topics/reflection/,B,same path; host/base redirect only,legacy-url-map.csv
https://seraphforge.github.io/notes.nagi.tw/topics/reflection/,https://nagi.tw/topics/reflection/,B,same path; host/base redirect only,legacy-url-map.csv
https://seraphforge.github.io/notes.nagi.tw/topics/research,https://nagi.tw/topics/research/,B,same path; host/base redirect only,legacy-url-map.csv
https://seraphforge.github.io/notes.nagi.tw/topics/research/,https://nagi.tw/topics/research/,B,same path; host/base redirect only,legacy-url-map.csv
https://seraphforge.github.io/notes.nagi.tw/topics/responsible-security-culture,https://nagi.tw/topics/responsible-security-culture/,B,same path; host/base redirect only,legacy-url-map.csv
https://seraphforge.github.io/notes.nagi.tw/topics/responsible-security-culture/,https://nagi.tw/topics/responsible-security-culture/,B,same path; host/base redirect only,legacy-url-map.csv
https://seraphforge.github.io/notes.nagi.tw/topics/retail,https://nagi.tw/topics/retail/,B,same path; host/base redirect only,legacy-url-map.csv
https://seraphforge.github.io/notes.nagi.tw/topics/retail/,https://nagi.tw/topics/retail/,B,same path; host/base redirect only,legacy-url-map.csv
https://seraphforge.github.io/notes.nagi.tw/topics/robotics,https://nagi.tw/topics/robotics/,B,same path; host/base redirect only,legacy-url-map.csv
https://seraphforge.github.io/notes.nagi.tw/topics/robotics/,https://nagi.tw/topics/robotics/,B,same path; host/base redirect only,legacy-url-map.csv
https://seraphforge.github.io/notes.nagi.tw/topics/security,https://nagi.tw/topics/security/,B,same path; host/base redirect only,legacy-url-map.csv
https://seraphforge.github.io/notes.nagi.tw/topics/security-culture,https://nagi.tw/topics/security-culture/,B,same path; host/base redirect only,legacy-url-map.csv
https://seraphforge.github.io/notes.nagi.tw/topics/security-culture/,https://nagi.tw/topics/security-culture/,B,same path; host/base redirect only,legacy-url-map.csv
https://seraphforge.github.io/notes.nagi.tw/topics/security/,https://nagi.tw/topics/security/,B,same path; host/base redirect only,legacy-url-map.csv
https://seraphforge.github.io/notes.nagi.tw/topics/sme-security,https://nagi.tw/topics/sme-security/,B,same path; host/base redirect only,legacy-url-map.csv
https://seraphforge.github.io/notes.nagi.tw/topics/sme-security/,https://nagi.tw/topics/sme-security/,B,same path; host/base redirect only,legacy-url-map.csv
https://seraphforge.github.io/notes.nagi.tw/topics/soc,https://nagi.tw/topics/soc/,B,same path; host/base redirect only,legacy-url-map.csv
https://seraphforge.github.io/notes.nagi.tw/topics/soc/,https://nagi.tw/topics/soc/,B,same path; host/base redirect only,legacy-url-map.csv
https://seraphforge.github.io/notes.nagi.tw/topics/students,https://nagi.tw/topics/students/,B,same path; host/base redirect only,legacy-url-map.csv
https://seraphforge.github.io/notes.nagi.tw/topics/students/,https://nagi.tw/topics/students/,B,same path; host/base redirect only,legacy-url-map.csv
https://seraphforge.github.io/notes.nagi.tw/topics/windows-forensics,https://nagi.tw/topics/windows-forensics/,B,same path; host/base redirect only,legacy-url-map.csv
https://seraphforge.github.io/notes.nagi.tw/topics/windows-forensics/,https://nagi.tw/topics/windows-forensics/,B,same path; host/base redirect only,legacy-url-map.csv
https://seraphforge.github.io/notes.nagi.tw/topics/windows-malware,https://nagi.tw/topics/windows-malware/,B,same path; host/base redirect only,legacy-url-map.csv
https://seraphforge.github.io/notes.nagi.tw/topics/windows-malware/,https://nagi.tw/topics/windows-malware/,B,same path; host/base redirect only,legacy-url-map.csv
https://seraphforge.github.io/notes.nagi.tw/topics/wireshark,https://nagi.tw/topics/wireshark/,B,same path; host/base redirect only,legacy-url-map.csv
https://seraphforge.github.io/notes.nagi.tw/topics/wireshark/,https://nagi.tw/topics/wireshark/,B,same path; host/base redirect only,legacy-url-map.csv
https://seraphforge.github.io/notes.nagi.tw/topics/zero-trust,https://nagi.tw/topics/zero-trust/,B,same path; host/base redirect only,legacy-url-map.csv
https://seraphforge.github.io/notes.nagi.tw/topics/zero-trust/,https://nagi.tw/topics/zero-trust/,B,same path; host/base redirect only,legacy-url-map.csv
https://seraphforge.github.io/zh/2026/05/09/2026-security-conference,https://nagi.tw/articles/2026-security-conference/,B,recorded Hexo permalink,migration-report.md canonical URL table
https://seraphforge.github.io/zh/2026/05/09/2026-security-conference/,https://nagi.tw/articles/2026-security-conference/,B,recorded Hexo permalink,migration-report.md canonical URL table
https://seraphforge.github.io/zh/2026/05/16/from-nihscsed-to-control-team/,,C,intentionally not public; do not resurrect or redirect to unrelated content,publication flags or explicit article removal
https://seraphforge.github.io/zh/2026/06/23/nurse-made-me-rethink-medical-cybersecurity,https://nagi.tw/articles/nurse-made-me-rethink-medical-cybersecurity/,B,recorded Hexo permalink,migration-report.md canonical URL table
https://seraphforge.github.io/zh/2026/06/23/nurse-made-me-rethink-medical-cybersecurity/,https://nagi.tw/articles/nurse-made-me-rethink-medical-cybersecurity/,B,recorded Hexo permalink,migration-report.md canonical URL table
https://seraphforge.github.io/zh/2026/07/07/infosec-taiwan-2026-student-industry-gap,https://nagi.tw/articles/infosec-taiwan-2026-student-industry-gap/,B,recorded Hexo permalink,migration-report.md canonical URL table
https://seraphforge.github.io/zh/2026/07/07/infosec-taiwan-2026-student-industry-gap/,https://nagi.tw/articles/infosec-taiwan-2026-student-industry-gap/,B,recorded Hexo permalink,migration-report.md canonical URL table
https://seraphforge.github.io/zh/2026/07/08/ctf-meets-malware-analysis-windows,https://nagi.tw/articles/ctf-meets-malware-analysis-windows/,B,recorded Hexo permalink,migration-report.md canonical URL table
https://seraphforge.github.io/zh/2026/07/08/ctf-meets-malware-analysis-windows/,https://nagi.tw/articles/ctf-meets-malware-analysis-windows/,B,recorded Hexo permalink,migration-report.md canonical URL table
https://seraphforge.github.io/zh/2026/07/18/retail-work-sme-security-culture,https://nagi.tw/articles/retail-work-sme-security-culture/,B,recorded Hexo permalink,migration-report.md canonical URL table
https://seraphforge.github.io/zh/2026/07/18/retail-work-sme-security-culture/,https://nagi.tw/articles/retail-work-sme-security-culture/,B,recorded Hexo permalink,migration-report.md canonical URL table
https://seraphforge.github.io/zh/2026/09/04/recent-projects-and-life-update,https://nagi.tw/articles/recent-projects-and-life-update/,B,recorded Hexo permalink,migration-report.md canonical URL table
https://seraphforge.github.io/zh/2026/09/04/recent-projects-and-life-update/,https://nagi.tw/articles/recent-projects-and-life-update/,B,recorded Hexo permalink,migration-report.md canonical URL table
